time,open,high,low,close,Volume,Volume MA,ATR
2013-08-11T22:00:00Z,0.8466,0.8466,0.8466,0.8466,0,NaN,NaN
2013-08-12T22:00:00Z,0.8434,0.8434,0.8434,0.8434,0,NaN,NaN
2013-08-13T22:00:00Z,0.8453,0.8453,0.8453,0.8453,0,NaN,NaN
2013-08-14T22:00:00Z,0.8445,0.8445,0.8445,0.8445,0,NaN,NaN
2013-08-15T22:00:00Z,0.8509,0.8509,0.8509,0.8509,0,NaN,NaN
2013-08-18T22:00:00Z,0.8432,0.8432,0.8432,0.8432,0,NaN,NaN
2013-08-19T22:00:00Z,0.8408,0.8408,0.8408,0.8408,0,NaN,NaN
2013-08-20T22:00:00Z,0.8346,0.8346,0.8346,0.8346,0,NaN,NaN
2013-08-21T22:00:00Z,0.8343,0.8343,0.8343,0.8343,0,NaN,NaN
2013-08-22T22:00:00Z,0.8375,0.8375,0.8375,0.8375,0,NaN,NaN
2013-08-25T22:00:00Z,0.8367,0.8367,0.8367,0.8367,0,NaN,NaN
2013-08-26T22:00:00Z,0.8325,0.8325,0.8325,0.8325,0,NaN,NaN
2013-08-27T22:00:00Z,0.8297,0.8297,0.8297,0.8297,0,NaN,NaN
2013-08-28T22:00:00Z,0.8292,0.8292,0.8292,0.8292,0,NaN,0.002885714285714277
2013-08-29T22:00:00Z,0.8264,0.8264,0.8264,0.8264,0,NaN,0.002879591836734688
2013-09-02T22:00:00Z,0.8376,0.8376,0.8376,0.8376,0,NaN,0.0034739067055393523
2013-09-03T22:00:00Z,0.8471,0.8471,0.8471,0.8471,0,NaN,0.0039043419408579666
2013-09-04T22:00:00Z,0.844,0.844,0.844,0.844,0,NaN,0.003846888945082397
2013-09-05T22:00:00Z,0.8505,0.8505,0.8505,0.8505,0,NaN,0.004036396877576516
2013-09-08T22:00:00Z,0.8536,0.8536,0.8536,0.8536,0,0,0.00396951138632105
2013-09-09T22:00:00Z,0.8599,0.8599,0.8599,0.8599,0,0,0.004135974858726688
2013-09-10T22:00:00Z,0.8626,0.8626,0.8626,0.8626,0,0,0.004033405225960498
2013-09-11T22:00:00Z,0.857,0.857,0.857,0.857,0,0,0.004145304852677609
2013-09-12T22:00:00Z,0.8562,0.8562,0.8562,0.8562,0,0,0.0039063545060577815
2013-09-15T22:00:00Z,0.8588,0.8588,0.8588,0.8588,0,0,0.0038130434699108003
2013-09-16T22:00:00Z,0.8632,0.8632,0.8632,0.8632,0,0,0.0038549689363457404
2013-09-17T22:00:00Z,0.8774,0.8774,0.8774,0.8774,0,0,0.0045938997266067585
2013-09-18T22:00:00Z,0.8702,0.8702,0.8702,0.8702,0,0,0.0047800497461348455
2013-09-19T22:00:00Z,0.8673,0.8673,0.8673,0.8673,0,0,0.0046457604785537865
2013-09-22T22:00:00Z,0.8712,0.8712,0.8712,0.8712,0,0,0.004592491872942804
2013-09-23T22:00:00Z,0.8667,0.8667,0.8667,0.8667,0,0,0.004585885310589742
2013-09-24T22:00:00Z,0.8643,0.8643,0.8643,0.8643,0,0,0.004429750645547623
2013-09-25T22:00:00Z,0.8646,0.8646,0.8646,0.8646,0,0,0.004134768456579941
2013-09-26T22:00:00Z,0.8604,0.8604,0.8604,0.8604,0,0,0.004139427852538515
2013-09-29T22:00:00Z,0.861,0.861,0.861,0.861,0,0,0.0038866115773571876
2013-09-30T22:00:00Z,0.8656,0.8656,0.8656,0.8656,0,0,0.003937567893260249
2013-10-01T22:00:00Z,0.8652,0.8652,0.8652,0.8652,0,0,0.0036848844723130934
2013-10-02T22:00:00Z,0.8661,0.8661,0.8661,0.8661,0,0,0.003485964152862159
2013-10-03T22:00:00Z,0.8682,0.8682,0.8682,0.8682,0,0,0.003386966713372004
2013-10-06T22:00:00Z,0.8695,0.8695,0.8695,0.8695,0,0,0.003237897662416867
2013-10-07T22:00:00Z,0.8668,0.8668,0.8668,0.8668,0,0,0.0031994764008156647
2013-10-08T22:00:00Z,0.8683,0.8683,0.8683,0.8683,0,0,0.0030780852293288276
2013-10-09T22:00:00Z,0.8693,0.8693,0.8693,0.8693,0,0,0.002929650570091054
2013-10-10T22:00:00Z,0.8698,0.8698,0.8698,0.8698,0,0,0.00275610410079884
2013-10-13T22:00:00Z,0.8708,0.8708,0.8708,0.8708,0,0,0.002630668093598923
2013-10-14T22:00:00Z,0.8717,0.8717,0.8717,0.8717,0,0,0.0025070489440561436
2013-10-15T22:00:00Z,0.8759,0.8759,0.8759,0.8759,0,0,0.0026279740194807034
2013-10-16T22:00:00Z,0.885,0.885,0.885,0.885,0,0,0.0030902615895177957
2013-10-17T22:00:00Z,0.8873,0.8873,0.8873,0.8873,0,0,0.0030338143331236655
2013-10-20T22:00:00Z,0.8864,0.8864,0.8864,0.8864,0,0,0.002881399023614833
2013-10-21T22:00:00Z,0.8915,0.8915,0.8915,0.8915,0,0,0.003039870521928059
2013-10-22T22:00:00Z,0.8834,0.8834,0.8834,0.8834,0,0,0.0034013083417903404
2013-10-23T22:00:00Z,0.8827,0.8827,0.8827,0.8827,0,0,0.0032083577459481676
2013-10-24T22:00:00Z,0.8809,0.8809,0.8809,0.8809,0,0,0.0031077607640947287
2013-10-27T22:00:00Z,0.8811,0.8811,0.8811,0.8811,0,0,0.0029000635666593896
2013-10-28T22:00:00Z,0.8731,0.8731,0.8731,0.8731,0,0,0.003264344740469434
2013-10-29T22:00:00Z,0.8715,0.8715,0.8715,0.8715,0,0,0.003145462973293041
2013-10-30T22:00:00Z,0.8697,0.8697,0.8697,0.8697,0,0,0.003049358475200683
2013-10-31T22:00:00Z,0.8673,0.8673,0.8673,0.8673,0,0,0.003002975726972068
2013-11-03T23:00:00Z,0.8725,0.8725,0.8725,0.8725,0,0,0.0031599060321883554
2013-11-04T23:00:00Z,0.8708,0.8708,0.8708,0.8708,0,0,0.0030556270298891896
2013-11-05T23:00:00Z,0.8738,0.8738,0.8738,0.8738,0,0,0.0030516536706113907
2013-11-06T23:00:00Z,0.8678,0.8678,0.8678,0.8678,0,0,0.0032622498369962913
2013-11-07T23:00:00Z,0.8608,0.8608,0.8608,0.8608,0,0,0.0035292319914965566
2013-11-10T23:00:00Z,0.8582,0.8582,0.8582,0.8582,0,0,0.003462858277818234
2013-11-11T23:00:00Z,0.8547,0.8547,0.8547,0.8547,0,0,0.0034655112579740706
2013-11-12T23:00:00Z,0.8563,0.8563,0.8563,0.8563,0,0,0.003332260453833061
2013-11-13T23:00:00Z,0.8563,0.8563,0.8563,0.8563,0,0,0.0030942418499878424
2013-11-14T23:00:00Z,0.8611,0.8611,0.8611,0.8611,0,0,0.0032160817178458556
2013-11-17T23:00:00Z,0.8615,0.8615,0.8615,0.8615,0,0,0.003014933023714014
2013-11-18T23:00:00Z,0.8648,0.8648,0.8648,0.8648,0,0,0.003035294950591582
2013-11-19T23:00:00Z,0.8561,0.8561,0.8561,0.8561,0,0,0.003439916739835044
2013-11-20T23:00:00Z,0.8463,0.8463,0.8463,0.8463,0,0,0.003894208401275392
2013-11-21T23:00:00Z,0.8418,0.8418,0.8418,0.8418,0,0,0.0039374792297557255
2013-11-24T23:00:00Z,0.8417,0.8417,0.8417,0.8417,0,0,0.003663373570487458
2013-11-25T23:00:00Z,0.84,0.84,0.84,0.84,0,0,0.003523132601166928
2013-11-26T23:00:00Z,0.8349,0.8349,0.8349,0.8349,0,0,0.0036357659867978613
2013-11-28T23:00:00Z,0.8373,0.8373,0.8373,0.8373,0,0,0.0035474969877408763
2013-12-01T23:00:00Z,0.8365,0.8365,0.8365,0.8365,0,0,0.003351247202902244
2013-12-02T23:00:00Z,0.84,0.84,0.84,0.84,0,0,0.0033618724026949374
2013-12-03T23:00:00Z,0.8308,0.8308,0.8308,0.8308,0,0,0.0037788815167881552
2013-12-04T23:00:00Z,0.8346,0.8346,0.8346,0.8346,0,0,0.0037803899798747173
2013-12-05T23:00:00Z,0.8381,0.8381,0.8381,0.8381,0,0,0.0037603621241693763
2013-12-08T23:00:00Z,0.8391,0.8391,0.8391,0.8391,0,0,0.003563193401014421
2013-12-09T23:00:00Z,0.8434,0.8434,0.8434,0.8434,0,0,0.003615822443799111
2013-12-10T23:00:00Z,0.8346,0.8346,0.8346,0.8346,0,0,0.003986120840670605
2013-12-11T23:00:00Z,0.8255,0.8255,0.8255,0.8255,0,0,0.004351397923479847
2013-12-12T23:00:00Z,0.8302,0.8302,0.8302,0.8302,0,0,0.004376298071802718
2013-12-15T23:00:00Z,0.8276,0.8276,0.8276,0.8276,0,0,0.004249419638102527
2013-12-16T23:00:00Z,0.823,0.823,0.823,0.823,0,0,0.004274461092523779
2013-12-17T23:00:00Z,0.8222,0.8222,0.8222,0.8222,0,0,0.004026285300200646
2013-12-18T23:00:00Z,0.8203,0.8203,0.8203,0.8203,0,0,0.003874407778757743
2013-12-19T23:00:00Z,0.8266,0.8266,0.8266,0.8266,0,0,0.004047664365989331
2013-12-22T23:00:00Z,0.8281,0.8281,0.8281,0.8281,0,0,0.0038656883398472323
2013-12-23T23:00:00Z,0.8294,0.8294,0.8294,0.8294,0,0,0.003682424887001007
2013-12-25T23:00:00Z,0.8262,0.8262,0.8262,0.8262,0,0,0.003647965966500934
2013-12-26T23:00:00Z,0.8219,0.8219,0.8219,0.8219,0,0,0.0036945398260365874
2013-12-29T23:00:00Z,0.8258,0.8258,0.8258,0.8258,0,0,0.003709215552748261
2013-12-30T23:00:00Z,0.8286,0.8286,0.8286,0.8286,0,0,0.0036442715846948153
2014-01-01T23:00:00Z,0.8265,0.8265,0.8265,0.8265,0,0,0.0035339664715023276
2014-01-02T23:00:00Z,0.8323,0.8323,0.8323,0.8323,0,0,0.0036958260092521634
2014-01-05T23:00:00Z,0.8319,0.8319,0.8319,0.8319,0,0,0.0034604098657341565
2014-01-06T23:00:00Z,0.8279,0.8279,0.8279,0.8279,0,0,0.003498952018181717
2014-01-07T23:00:00Z,0.8282,0.8282,0.8282,0.8282,0,0,0.003270455445454457
2014-01-08T23:00:00Z,0.8271,0.8271,0.8271,0.8271,0,0,0.0031154229136362887
2014-01-09T23:00:00Z,0.8344,0.8344,0.8344,0.8344,0,0,0.003414321276947988
2014-01-12T23:00:00Z,0.8398,0.8398,0.8398,0.8398,0,0,0.0035561554714517002
2014-01-13T23:00:00Z,0.8326,0.8326,0.8326,0.8326,0,0,0.0038164300806337206
2014-01-14T23:00:00Z,0.8286,0.8286,0.8286,0.8286,0,0,0.0038295422177313126
2014-01-15T23:00:00Z,0.8214,0.8214,0.8214,0.8214,0,0,0.004070289202179075
2014-01-16T23:00:00Z,0.8188,0.8188,0.8188,0.8188,0,0,0.003965268544880573
2014-01-20T23:00:00Z,0.8208,0.8208,0.8208,0.8208,0,0,0.003824892220246247
2014-01-21T23:00:00Z,0.8237,0.8237,0.8237,0.8237,0,0,0.003758828490228659
2014-01-22T23:00:00Z,0.8166,0.8166,0.8166,0.8166,0,0,0.0039974835980694685
2014-01-23T23:00:00Z,0.813,0.813,0.813,0.813,0,0,0.003969091912493081
2014-01-26T23:00:00Z,0.8156,0.8156,0.8156,0.8156,0,0,0.003871299633029293
2014-01-27T23:00:00Z,0.8177,0.8177,0.8177,0.8177,0,0,0.003744778230670057
2014-01-28T23:00:00Z,0.8144,0.8144,0.8144,0.8144,0,0,0.003713008357050765
2014-01-29T23:00:00Z,0.8188,0.8188,0.8188,0.8188,0,0,0.003762079188689993
2014-01-30T23:00:00Z,0.8147,0.8147,0.8147,0.8147,0,0,0.00378621638949785
2014-02-02T23:00:00Z,0.8138,0.8138,0.8138,0.8138,0,0,0.00358005807596229
2014-02-03T23:00:00Z,0.8289,0.8289,0.8289,0.8289,0,0,0.0044029110705364125
2014-02-04T23:00:00Z,0.8269,0.8269,0.8269,0.8269,0,0,0.004231274565498097
2014-02-05T23:00:00Z,0.8314,0.8314,0.8314,0.8314,0,0,0.004250469239391094
2014-02-06T23:00:00Z,0.8302,0.8302,0.8302,0.8302,0,0,0.0040325785794345865
2014-02-09T23:00:00Z,0.8292,0.8292,0.8292,0.8292,0,0,0.003815965823760688
2014-02-10T23:00:00Z,0.8384,0.8384,0.8384,0.8384,0,0,0.004200539693492066
2014-02-11T23:00:00Z,0.839,0.839,0.839,0.839,0,0,0.003943358286814057
2014-02-12T23:00:00Z,0.835,0.835,0.835,0.835,0,0,0.003947404123470196
2014-02-13T23:00:00Z,0.8401,0.8401,0.8401,0.8401,0,0,0.004029732400365181
2014-02-17T23:00:00Z,0.839,0.839,0.839,0.839,0,0,0.003820465800339096
2014-02-18T23:00:00Z,0.8361,0.8361,0.8361,0.8361,0,0,0.0037547182431720188
2014-02-19T23:00:00Z,0.8375,0.8375,0.8375,0.8375,0,0,0.0035865240829454506
2014-02-20T23:00:00Z,0.8345,0.8345,0.8345,0.8345,0,0,0.0035446295055922045
2014-02-23T23:00:00Z,0.8409,0.8409,0.8409,0.8409,0,0,0.003748584540907044
2014-02-24T23:00:00Z,0.8392,0.8392,0.8392,0.8392,0,0,0.0036022570736994005
2014-02-25T23:00:00Z,0.8337,0.8337,0.8337,0.8337,0,0,0.0037378101398637255
2014-02-26T23:00:00Z,0.8356,0.8356,0.8356,0.8356,0,0,0.003606537987016317
2014-02-27T23:00:00Z,0.8333,0.8333,0.8333,0.8333,0,0,0.003513213845086578
2014-03-02T23:00:00Z,0.8329,0.8329,0.8329,0.8329,0,0,0.0032908414275803982
2014-03-03T23:00:00Z,0.8343,0.8343,0.8343,0.8343,0,0,0.003155781325610375
2014-03-04T23:00:00Z,0.8381,0.8381,0.8381,0.8381,0,0,0.003201796945209628
2014-03-05T23:00:00Z,0.8478,0.8478,0.8478,0.8478,0,0,0.0036659543062660858
2014-03-06T23:00:00Z,0.8457,0.8457,0.8457,0.8457,0,0,0.003554100427247079
2014-03-09T22:00:00Z,0.8416,0.8416,0.8416,0.8416,0,0,0.003593093253872287
2014-03-10T22:00:00Z,0.8374,0.8374,0.8374,0.8374,0,0,0.0036364437357385504
2014-03-11T22:00:00Z,0.8387,0.8387,0.8387,0.8387,0,0,0.003469554897471509
2014-03-12T22:00:00Z,0.8424,0.8424,0.8424,0.8424,0,0,0.0034860152619378324
2014-03-13T22:00:00Z,0.8418,0.8418,0.8418,0.8418,0,0,0.003279871314656562
2014-03-16T22:00:00Z,0.8476,0.8476,0.8476,0.8476,0,0,0.0034598805064668093
2014-03-17T22:00:00Z,0.8508,0.8508,0.8508,0.8508,0,0,0.00344131761314775
2014-03-18T22:00:00Z,0.8444,0.8444,0.8444,0.8444,0,0,0.0036526520693514796
2014-03-19T22:00:00Z,0.8453,0.8453,0.8453,0.8453,0,0,0.0034560340643978033
2014-03-20T22:00:00Z,0.8495,0.8495,0.8495,0.8495,0,0,0.0035091744883693874
2014-03-23T22:00:00Z,0.854,0.854,0.854,0.854,0,0,0.0035799477392001416
2014-03-24T22:00:00Z,0.8576,0.8576,0.8576,0.8576,0,0,0.003581380043542992
2014-03-25T22:00:00Z,0.8624,0.8624,0.8624,0.8624,0,0,0.0036684243261470655
2014-03-26T22:00:00Z,0.8657,0.8657,0.8657,0.8657,0,0,0.003642108302850844
2014-03-27T22:00:00Z,0.8661,0.8661,0.8661,0.8661,0,0,0.003410529138361495
2014-03-30T22:00:00Z,0.8679,0.8679,0.8679,0.8679,0,0,0.0032954913427642473
2014-03-31T22:00:00Z,0.8643,0.8643,0.8643,0.8643,0,0,0.003317241961138233
2014-04-01T22:00:00Z,0.8656,0.8656,0.8656,0.8656,0,0,0.003173153249628365
2014-04-02T22:00:00Z,0.8643,0.8643,0.8643,0.8643,0,0,0.00303935658894063
2014-04-03T22:00:00Z,0.8689,0.8689,0.8689,0.8689,0,0,0.0031508311183020173
2014-04-06T22:00:00Z,0.8676,0.8676,0.8676,0.8676,0,0,0.003018628895566156
2014-04-07T22:00:00Z,0.8752,0.8752,0.8752,0.8752,0,0,0.0033458696887399978
2014-04-08T22:00:00Z,0.8794,0.8794,0.8794,0.8794,0,0,0.00340687899668714
2014-04-09T22:00:00Z,0.8796,0.8796,0.8796,0.8796,0,0,0.0031778162112094934
2014-04-10T22:00:00Z,0.8778,0.8778,0.8778,0.8778,0,0,0.003079400767551674
2014-04-13T22:00:00Z,0.88,0.88,0.88,0.88,0,0,0.0030165864270122675
2014-04-14T22:00:00Z,0.8751,0.8751,0.8751,0.8751,0,0,0.0031511159679399638
2014-04-15T22:00:00Z,0.8779,0.8779,0.8779,0.8779,0,0,0.0031260362559442536
2014-04-16T22:00:00Z,0.874,0.874,0.874,0.874,0,0,0.0031813193805196654
2014-04-20T22:00:00Z,0.8746,0.8746,0.8746,0.8746,0,0,0.0029969394247682636
2014-04-21T22:00:00Z,0.8772,0.8772,0.8772,0.8772,0,0,0.002968586608713383
2014-04-22T22:00:00Z,0.8716,0.8716,0.8716,0.8716,0,0,0.003156544708090994
2014-04-23T22:00:00Z,0.8695,0.8695,0.8695,0.8695,0,0,0.0030810772289416367
2014-04-24T22:00:00Z,0.8706,0.8706,0.8706,0.8706,0,0,0.0029395717125886623
2014-04-27T22:00:00Z,0.8692,0.8692,0.8692,0.8692,0,0,0.00282960230454662
2014-04-28T22:00:00Z,0.8713,0.8713,0.8713,0.8713,0,0,0.002777487854221861
2014-04-29T22:00:00Z,0.8725,0.8725,0.8725,0.8725,0,0,0.002664810150348877
2014-04-30T22:00:00Z,0.8701,0.8701,0.8701,0.8701,0,0,0.0026458951396096764
2014-05-01T22:00:00Z,0.8703,0.8703,0.8703,0.8703,0,0,0.0024711883439232697
2014-05-04T22:00:00Z,0.8719,0.8719,0.8719,0.8719,0,0,0.0024089606050716112
2014-05-05T22:00:00Z,0.8799,0.8799,0.8799,0.8799,0,0,0.002808320561852211
2014-05-06T22:00:00Z,0.8779,0.8779,0.8779,0.8779,0,0,0.0027505833788627676
2014-05-07T22:00:00Z,0.8806,0.8806,0.8806,0.8806,0,0,0.0027469702803725724
2014-05-08T22:00:00Z,0.8792,0.8792,0.8792,0.8792,0,0,0.0026507581174888225
2014-05-11T22:00:00Z,0.8798,0.8798,0.8798,0.8798,0,0,0.0025042753948110526
2014-05-12T22:00:00Z,0.8792,0.8792,0.8792,0.8792,0,0,0.0023682557237531235
2014-05-13T22:00:00Z,0.8812,0.8812,0.8812,0.8812,0,0,0.002341951743485043
2014-05-14T22:00:00Z,0.8788,0.8788,0.8788,0.8788,0,0,0.0023460980475218224
2014-05-15T22:00:00Z,0.8793,0.8793,0.8793,0.8793,0,0,0.0022142339012702597
2014-05-18T22:00:00Z,0.8762,0.8762,0.8762,0.8762,0,0,0.0022775029083223833
2014-05-19T22:00:00Z,0.87,0.87,0.87,0.87,0,0,0.0025576812720136404
2014-05-20T22:00:00Z,0.8691,0.8691,0.8691,0.8691,0,0,0.00243927546686981
2014-05-21T22:00:00Z,0.8668,0.8668,0.8668,0.8668,0,0,0.00242932721923625
2014-05-22T22:00:00Z,0.8683,0.8683,0.8683,0.8683,0,0,0.002362946703576514
2014-05-26T22:00:00Z,0.8709,0.8709,0.8709,0.8709,0,0,0.0023798790818924808
2014-05-27T22:00:00Z,0.8671,0.8671,0.8671,0.8671,0,0,0.002481316290328734
2014-05-28T22:00:00Z,0.8744,0.8744,0.8744,0.8744,0,0,0.0028255079838766795
2014-05-29T22:00:00Z,0.8757,0.8757,0.8757,0.8757,0,0,0.0027165431278854935
2014-06-01T22:00:00Z,0.8716,0.8716,0.8716,0.8716,0,0,0.002815361475893672
2014-06-02T22:00:00Z,0.8721,0.8721,0.8721,0.8721,0,0,0.0026499785133298343
2014-06-03T22:00:00Z,0.8736,0.8736,0.8736,0.8736,0,0,0.0025678371909491357
2014-06-04T22:00:00Z,0.8792,0.8792,0.8792,0.8792,0,0,0.002784420248738479
2014-06-05T22:00:00Z,0.8793,0.8793,0.8793,0.8793,0,0,0.0025926759452571586
2014-06-08T22:00:00Z,0.881,0.881,0.881,0.881,0,0,0.0025289133777387928
2014-06-09T22:00:00Z,0.8835,0.8835,0.8835,0.8835,0,0,0.0025268481364717323
2014-06-10T22:00:00Z,0.8849,0.8849,0.8849,0.8849,0,0,0.0024463589838666132
2014-06-11T22:00:00Z,0.8878,0.8878,0.8878,0.8878,0,0,0.0024787619135904276
2014-06-12T22:00:00Z,0.8861,0.8861,0.8861,0.8861,0,0,0.0024231360626196853
2014-06-15T22:00:00Z,0.8873,0.8873,0.8873,0.8873,0,0,0.0023357692010039922
2014-06-16T22:00:00Z,0.8822,0.8822,0.8822,0.8822,0,0,0.0025332142580751353
2014-06-17T22:00:00Z,0.8842,0.8842,0.8842,0.8842,0,0,0.0024951275253554833
2014-06-18T22:00:00Z,0.8884,0.8884,0.8884,0.8884,0,0,0.002616904130687233
2014-06-19T22:00:00Z,0.8869,0.8869,0.8869,0.8869,0,0,0.0025371252642095695
2014-06-22T22:00:00Z,0.8896,0.8896,0.8896,0.8896,0,0,0.0025487591739088806
2014-06-23T22:00:00Z,0.8874,0.8874,0.8874,0.8874,0,0,0.002523847804343959
2014-06-24T22:00:00Z,0.8888,0.8888,0.8888,0.8888,0,0,0.0024435729611765383
2014-06-25T22:00:00Z,0.8896,0.8896,0.8896,0.8896,0,0,0.0023261748925210647
2014-06-26T22:00:00Z,0.8911,0.8911,0.8911,0.8911,0,0,0.0022671624001981356
2014-06-29T22:00:00Z,0.8916,0.8916,0.8916,0.8916,0,0,0.0021409365144696934
2014-06-30T22:00:00Z,0.8982,0.8982,0.8982,0.8982,0,0,0.0024594410491504334
2014-07-01T22:00:00Z,0.8938,0.8938,0.8938,0.8938,0,0,0.0025980524027825426
2014-07-02T22:00:00Z,0.8874,0.8874,0.8874,0.8874,0,0,0.0028696200882980805
2014-07-06T22:00:00Z,0.8896,0.8896,0.8896,0.8896,0,0,0.0028217900819910735
2014-07-07T22:00:00Z,0.8917,0.8917,0.8917,0.8917,0,0,0.0027702336475631468
2014-07-08T22:00:00Z,0.8939,0.8939,0.8939,0.8939,0,0,0.0027295026727372066
2014-07-09T22:00:00Z,0.8918,0.8918,0.8918,0.8918,0,0,0.00268453819611312
2014-07-10T22:00:00Z,0.8913,0.8913,0.8913,0.8913,0,0,0.0025284997535336153
2014-07-13T22:00:00Z,0.8917,0.8917,0.8917,0.8917,0,0,0.002376464056852647
2014-07-14T22:00:00Z,0.8908,0.8908,0.8908,0.8908,0,0,0.0022710023385060303
2014-07-15T22:00:00Z,0.8904,0.8904,0.8904,0.8904,0,0,0.002137359314327033
2014-07-16T22:00:00Z,0.8918,0.8918,0.8918,0.8918,0,0,0.002084690791875107
2014-07-17T22:00:00Z,0.8936,0.8936,0.8936,0.8936,0,0,0.002064355735312593
2014-07-20T22:00:00Z,0.8921,0.8921,0.8921,0.8921,0,0,0.0020240446113616896
2014-07-21T22:00:00Z,0.8931,0.8931,0.8931,0.8931,0,0,0.0019508985676929976
2014-07-22T22:00:00Z,0.8975,0.8975,0.8975,0.8975,0,0,0.002125834384286352
2014-07-23T22:00:00Z,0.8944,0.8944,0.8944,0.8944,0,0,0.002195417642551612
2014-07-24T22:00:00Z,0.8926,0.8926,0.8926,0.8926,0,0,0.0021671735252264987
2014-07-27T22:00:00Z,0.8935,0.8935,0.8935,0.8935,0,0,0.002076661130567464
2014-07-28T22:00:00Z,0.8925,0.8925,0.8925,0.8925,0,0,0.0019997567640983598
2014-07-29T22:00:00Z,0.8872,0.8872,0.8872,0.8872,0,0,0.0022354884238056177
2014-07-30T22:00:00Z,0.8838,0.8838,0.8838,0.8838,0,0,0.0023186678221052137
2014-07-31T22:00:00Z,0.8848,0.8848,0.8848,0.8848,0,0,0.0022244772633834126
2014-08-03T22:00:00Z,0.8858,0.8858,0.8858,0.8858,0,0,0.002137014601713169
2014-08-04T22:00:00Z,0.8827,0.8827,0.8827,0.8827,0,0,0.0022057992730193706
2014-08-05T22:00:00Z,0.8873,0.8873,0.8873,0.8873,0,0,0.00237681361066084
2014-08-06T22:00:00Z,0.881,0.881,0.881,0.881,0,0,0.0026570412098993494
2014-08-07T22:00:00Z,0.8816,0.8816,0.8816,0.8816,0,0,0.002510109694906542
2014-08-10T22:00:00Z,0.8804,0.8804,0.8804,0.8804,0,0,0.002416530430984653
2014-08-11T22:00:00Z,0.8816,0.8816,0.8816,0.8816,0,0,0.002329635400200041
2014-08-12T22:00:00Z,0.8838,0.8838,0.8838,0.8838,0,0,0.0023203757287571796
2014-08-13T22:00:00Z,0.8854,0.8854,0.8854,0.8854,0,0,0.0022689203195602335
2014-08-14T22:00:00Z,0.8855,0.8855,0.8855,0.8855,0,0,0.0021139974395916446
2014-08-17T22:00:00Z,0.8867,0.8867,0.8867,0.8867,0,0,0.002048711908192248
2014-08-18T22:00:00Z,0.8852,0.8852,0.8852,0.8852,0,0,0.0020095182004642343
2014-08-19T22:00:00Z,0.8826,0.8826,0.8826,0.8826,0,0,0.0020516954718596417
2014-08-20T22:00:00Z,0.8841,0.8841,0.8841,0.8841,0,0,0.002012288652441092
2014-08-21T22:00:00Z,0.8854,0.8854,0.8854,0.8854,0,0,0.0019614108915524406
2014-08-24T22:00:00Z,0.8843,0.8843,0.8843,0.8843,0,0,0.001899881542155837
2014-08-25T22:00:00Z,0.8857,0.8857,0.8857,0.8857,0,0,0.0018641757177161392
2014-08-26T22:00:00Z,0.8887,0.8887,0.8887,0.8887,0,0,0.001945306023593558
2014-08-27T22:00:00Z,0.8899,0.8899,0.8899,0.8899,0,0,0.0018920698790511595
2014-08-28T22:00:00Z,0.8887,0.8887,0.8887,0.8887,0,0,0.0018426363162617895
2014-09-01T22:00:00Z,0.882,0.882,0.882,0.882,0,0,0.0021895908651002357
2014-09-02T22:00:00Z,0.8889,0.8889,0.8889,0.8889,0,0,0.0025260486604502205
2014-09-03T22:00:00Z,0.8893,0.8893,0.8893,0.8893,0,0,0.00237418804184663
2014-09-04T22:00:00Z,0.8909,0.8909,0.8909,0.8909,0,0,0.0023188888960004456
2014-09-07T22:00:00Z,0.8823,0.8823,0.8823,0.8823,0,0,0.0027675396891432744
2014-09-08T22:00:00Z,0.8739,0.8739,0.8739,0.8739,0,0,0.003169858282775895
2014-09-09T22:00:00Z,0.8695,0.8695,0.8695,0.8695,0,0,0.0032577255482918997
2014-09-10T22:00:00Z,0.8635,0.8635,0.8635,0.8635,0,0,0.003453602294842479
2014-09-11T22:00:00Z,0.8588,0.8588,0.8588,0.8588,0,0,0.003542630702353733
2014-09-14T22:00:00Z,0.8576,0.8576,0.8576,0.8576,0,0,0.0033752999378998936
2014-09-15T22:00:00Z,0.8631,0.8631,0.8631,0.8631,0,0,0.003527064228049898
2014-09-16T22:00:00Z,0.8548,0.8548,0.8548,0.8548,0,0,0.003867988211760618
2014-09-17T22:00:00Z,0.8532,0.8532,0.8532,0.8532,0,0,0.0037059890537777195
2014-09-18T22:00:00Z,0.8487,0.8487,0.8487,0.8487,0,0,0.0037627041213650213
2014-09-21T22:00:00Z,0.844,0.844,0.844,0.844,0,0,0.0038296538269818083
2014-09-22T22:00:00Z,0.8402,0.8402,0.8402,0.8402,0,0,0.0038275356964831094
2014-09-23T22:00:00Z,0.8437,0.8437,0.8437,0.8437,0,0,0.003804140289591463
2014-09-24T22:00:00Z,0.8349,0.8349,0.8349,0.8349,0,0,0.004160987411763503
2014-09-25T22:00:00Z,0.8337,0.8337,0.8337,0.8337,0,0,0.003949488310923252
2014-09-28T22:00:00Z,0.831,0.831,0.831,0.831,0,0,0.0038602391458573077
2014-09-29T22:00:00Z,0.8328,0.8328,0.8328,0.8328,0,0,0.003713079206867502
2014-09-30T22:00:00Z,0.8313,0.8313,0.8313,0.8313,0,0,0.0035550021206626767
2014-10-01T22:00:00Z,0.8385,0.8385,0.8385,0.8385,0,0,0.003815359112043913
2014-10-02T22:00:00Z,0.8259,0.8259,0.8259,0.8259,0,0,0.0044428334611836375
2014-10-05T22:00:00Z,0.8334,0.8334,0.8334,0.8334,0,0,0.004661202499670524
2014-10-06T22:00:00Z,0.8384,0.8384,0.8384,0.8384,0,0,0.004685402321122629
2014-10-07T22:00:00Z,0.8405,0.8405,0.8405,0.8405,0,0,0.0045007307267567265
2014-10-08T22:00:00Z,0.8342,0.8342,0.8342,0.8342,0,0,0.004629249960559816
2014-10-09T22:00:00Z,0.8286,0.8286,0.8286,0.8286,0,0,0.00469858924909126
2014-10-12T22:00:00Z,0.8326,0.8326,0.8326,0.8326,0,0,0.004648690017013313
2014-10-13T22:00:00Z,0.8278,0.8278,0.8278,0.8278,0,0,0.004659497872940935
2014-10-14T22:00:00Z,0.8318,0.8318,0.8318,0.8318,0,0,0.004612390882016583
2014-10-15T22:00:00Z,0.8325,0.8325,0.8325,0.8325,0,0,0.004332934390443972
2014-10-16T22:00:00Z,0.832,0.832,0.832,0.832,0,0,0.004059153362555122
2014-10-19T22:00:00Z,0.8352,0.8352,0.8352,0.8352,0,0,0.003997785265229763
2014-10-20T22:00:00Z,0.834,0.834,0.834,0.834,0,0,0.0037979434605705004
2014-10-21T22:00:00Z,0.8343,0.8343,0.8343,0.8343,0,0,0.0035480903562440415
2014-10-22T22:00:00Z,0.8321,0.8321,0.8321,0.8321,0,0,0.003451798187940902
2014-10-23T22:00:00Z,0.836,0.836,0.836,0.836,0,0,0.0034838126030879812
2014-10-26T22:00:00Z,0.8368,0.8368,0.8368,0.8368,0,0,0.003292111702867413
2014-10-27T22:00:00Z,0.8417,0.8417,0.8417,0.8417,0,0,0.003406960866948313
2014-10-28T22:00:00Z,0.8373,0.8373,0.8373,0.8373,0,0,0.0034778922335948594
2014-10-29T22:00:00Z,0.8405,0.8405,0.8405,0.8405,0,0,0.0034580427883380825
2014-10-30T22:00:00Z,0.8374,0.8374,0.8374,0.8374,0,0,0.0034324683034567907
2014-11-02T23:00:00Z,0.8276,0.8276,0.8276,0.8276,0,0,0.003887291996067022
2014-11-03T23:00:00Z,0.8328,0.8328,0.8328,0.8328,0,0,0.003981056853490805
2014-11-04T23:00:00Z,0.8179,0.8179,0.8179,0.8179,0,0,0.00476098136395575
2014-11-05T23:00:00Z,0.8168,0.8168,0.8168,0.8168,0,0,0.004499482695101767
2014-11-06T23:00:00Z,0.822,0.822,0.822,0.822,0,0,0.004549519645451639
2014-11-09T23:00:00Z,0.8201,0.8201,0.8201,0.8201,0,0,0.004360268242205087
2014-11-10T23:00:00Z,0.8252,0.8252,0.8252,0.8252,0,0,0.004413106224904723
2014-11-11T23:00:00Z,0.8288,0.8288,0.8288,0.8288,0,0,0.004355027208840095
2014-11-12T23:00:00Z,0.8295,0.8295,0.8295,0.8295,0,0,0.004093953836780091
2014-11-13T23:00:00Z,0.8327,0.8327,0.8327,0.8327,0,0,0.004030099991295798
2014-11-16T23:00:00Z,0.8282,0.8282,0.8282,0.8282,0,0,0.004063664277631809
2014-11-17T23:00:00Z,0.8309,0.8309,0.8309,0.8309,0,0,0.003966259686372388
2014-11-18T23:00:00Z,0.8207,0.8207,0.8207,0.8207,0,0,0.004411526851631502
2014-11-19T23:00:00Z,0.8224,0.8224,0.8224,0.8224,0,0,0.004217846362229254
2014-11-20T23:00:00Z,0.8254,0.8254,0.8254,0.8254,0,0,0.004130857336355737
2014-11-23T23:00:00Z,0.8205,0.8205,0.8205,0.8205,0,0,0.0041857960980446135
2014-11-24T23:00:00Z,0.8125,0.8125,0.8125,0.8125,0,0,0.004458239233898571
2014-11-25T23:00:00Z,0.8158,0.8158,0.8158,0.8158,0,0,0.004375507860048671
2014-11-27T23:00:00Z,0.8115,0.8115,0.8115,0.8115,0,0,0.004370114441473763
2014-11-30T23:00:00Z,0.8122,0.8122,0.8122,0.8122,0,0,0.004107963409939926
2014-12-01T23:00:00Z,0.807,0.807,0.807,0.807,0,0,0.0041859660235156445
2014-12-02T23:00:00Z,0.804,0.804,0.804,0.804,0,0,0.004101254164693099
2014-12-03T23:00:00Z,0.8036,0.8036,0.8036,0.8036,0,0,0.003836878867215025
2014-12-04T23:00:00Z,0.7991,0.7991,0.7991,0.7991,0,0,0.003884244662413948
2014-12-07T23:00:00Z,0.7974,0.7974,0.7974,0.7974,0,0,0.00372822718652724
2014-12-08T23:00:00Z,0.7978,0.7978,0.7978,0.7978,0,0,0.0034904966732038625
2014-12-09T23:00:00Z,0.7967,0.7967,0.7967,0.7967,0,0,0.0033197469108321572
2014-12-10T23:00:00Z,0.7921,0.7921,0.7921,0.7921,0,0,0.003411193560058427
2014-12-11T23:00:00Z,0.7914,0.7914,0.7914,0.7914,0,0,0.003217536877197113
2014-12-14T23:00:00Z,0.7895,0.7895,0.7895,0.7895,0,0,0.003123427100254463
2014-12-15T23:00:00Z,0.788,0.788,0.788,0.788,0,0,0.0030074680216648545
2014-12-16T23:00:00Z,0.7788,0.7788,0.7788,0.7788,0,0,0.003449791734403078
2014-12-17T23:00:00Z,0.7844,0.7844,0.7844,0.7844,0,0,0.003603378039088568
2014-12-18T23:00:00Z,0.784,0.784,0.784,0.784,0,0,0.00337456532201081
2014-12-21T23:00:00Z,0.7836,0.7836,0.7836,0.7836,0,0,0.003162096370438614
2014-12-22T23:00:00Z,0.7789,0.7789,0.7789,0.7789,0,0,0.0032719466296929935
2014-12-23T23:00:00Z,0.781,0.781,0.781,0.781,0,0,0.003188236156143493
2014-12-25T23:00:00Z,0.782,0.782,0.782,0.782,0,0,0.0030319335735618153
2014-12-28T23:00:00Z,0.7833,0.7833,0.7833,0.7833,0,0,0.0029082240325931123
2014-12-29T23:00:00Z,0.7881,0.7881,0.7881,0.7881,0,0,0.0030433508874078917
2014-12-30T23:00:00Z,0.7871,0.7871,0.7871,0.7871,0,0,0.0028973972525930423
2015-01-01T23:00:00Z,0.7818,0.7818,0.7818,0.7818,0,0,0.0030690117345506802
2015-01-04T23:00:00Z,0.7804,0.7804,0.7804,0.7804,0,0,0.002949796610654208
2015-01-05T23:00:00Z,0.781,0.781,0.781,0.781,0,0,0.002781953995607482
2015-01-06T23:00:00Z,0.7786,0.7786,0.7786,0.7786,0,0,0.0027546715673498097
2015-01-07T23:00:00Z,0.7807,0.7807,0.7807,0.7807,0,0,0.002707909312539108
2015-01-08T23:00:00Z,0.788,0.788,0.788,0.788,0,0,0.0030359157902148924
2015-01-11T23:00:00Z,0.7845,0.7845,0.7845,0.7845,0,0,0.0030690646623424043
2015-01-12T23:00:00Z,0.7835,0.7835,0.7835,0.7835,0,0,0.002921274329317947
2015-01-13T23:00:00Z,0.7823,0.7823,0.7823,0.7823,0,0,0.0027983261629380917
2015-01-14T23:00:00Z,0.7887,0.7887,0.7887,0.7887,0,0,0.0030555885798710823
2015-01-15T23:00:00Z,0.79,0.79,0.79,0.79,0,0,0.002930189395594582
2015-01-19T23:00:00Z,0.7841,0.7841,0.7841,0.7841,0,0,0.0031423187244806845
2015-01-20T23:00:00Z,0.7779,0.7779,0.7779,0.7779,0,0,0.0033607245298749202
2015-01-21T23:00:00Z,0.7753,0.7753,0.7753,0.7753,0,0,0.0033063870634552866
2015-01-22T23:00:00Z,0.7633,0.7633,0.7633,0.7633,0,0,0.003927359416065624
2015-01-25T23:00:00Z,0.7629,0.7629,0.7629,0.7629,0,0,0.0036754051720609333
2015-01-26T23:00:00Z,0.7642,0.7642,0.7642,0.7642,0,0,0.0035057333740565787
2015-01-27T23:00:00Z,0.7673,0.7673,0.7673,0.7673,0,0,0.0034767524187668225
2015-01-28T23:00:00Z,0.7482,0.7482,0.7482,0.7482,0,0,0.004592698674569192
2015-01-29T23:00:00Z,0.751,0.751,0.751,0.751,0,0,0.004464648769242824
2015-02-01T23:00:00Z,0.7529,0.7529,0.7529,0.7529,0,0,0.004281459571439766
2015-02-02T23:00:00Z,0.7535,0.7535,0.7535,0.7535,0,0,0.004018498173479778
2015-02-03T23:00:00Z,0.7521,0.7521,0.7521,0.7521,0,0,0.003831462589659791
2015-02-04T23:00:00Z,0.7548,0.7548,0.7548,0.7548,0,0,0.0037506438332555224
2015-02-05T23:00:00Z,0.755,0.755,0.755,0.755,0,0,0.003497026416594412
2015-02-08T23:00:00Z,0.7571,0.7571,0.7571,0.7571,0,0,0.003397238815409096
2015-02-09T23:00:00Z,0.7531,0.7531,0.7531,0.7531,0,0,0.003440293185737018
2015-02-10T23:00:00Z,0.7478,0.7478,0.7478,0.7478,0,0,0.0035731293867558
2015-02-11T23:00:00Z,0.7522,0.7522,0.7522,0.7522,0,0,0.003632191573416097
2015-02-12T23:00:00Z,0.7531,0.7531,0.7531,0.7531,0,0,0.0034370350324578053
2015-02-16T23:00:00Z,0.7596,0.7596,0.7596,0.7596,0,0,0.0036558182444251094
2015-02-17T23:00:00Z,0.7593,0.7593,0.7593,0.7593,0,0,0.0034161169412518927
2015-02-18T23:00:00Z,0.7564,0.7564,0.7564,0.7564,0,0,0.0033792514454481872
2015-02-19T23:00:00Z,0.7615,0.7615,0.7615,0.7615,0,0,0.003502162056487602
2015-02-22T23:00:00Z,0.7573,0.7573,0.7573,0.7573,0,0,0.003552007623881343
2015-02-23T23:00:00Z,0.7597,0.7597,0.7597,0.7597,0,0,0.0034697213650326806
2015-02-24T23:00:00Z,0.7657,0.7657,0.7657,0.7657,0,0,0.0036504555532446323
2015-02-25T23:00:00Z,0.7578,0.7578,0.7578,0.7578,0,0,0.003953994442298588
2015-02-26T23:00:00Z,0.7595,0.7595,0.7595,0.7595,0,0,0.003792994839277255
2015-03-01T23:00:00Z,0.7568,0.7568,0.7568,0.7568,0,0,0.003714923779328874
2015-03-02T23:00:00Z,0.7608,0.7608,0.7608,0.7608,0,0,0.003735286366519669
2015-03-03T23:00:00Z,0.7602,0.7602,0.7602,0.7602,0,0,0.0035113373403396963
2015-03-04T23:00:00Z,0.7558,0.7558,0.7558,0.7558,0,0,0.0035748132446011436
2015-03-05T23:00:00Z,0.7505,0.7505,0.7505,0.7505,0,0,0.0036980408699867824
2015-03-08T22:00:00Z,0.7499,0.7499,0.7499,0.7499,0,0,0.0034767522364162933
2015-03-09T22:00:00Z,0.7413,0.7413,0.7413,0.7413,0,0,0.0038426985052437044
2015-03-10T22:00:00Z,0.7375,0.7375,0.7375,0.7375,0,0,0.003839648612012005
2015-03-11T22:00:00Z,0.7477,0.7477,0.7477,0.7477,0,0,0.004293959425439718
2015-03-12T22:00:00Z,0.7405,0.7405,0.7405,0.7405,0,0,0.0045015337521940235
2015-03-15T22:00:00Z,0.7428,0.7428,0.7428,0.7428,0,0,0.0043442813413230195
2015-03-16T22:00:00Z,0.7417,0.7417,0.7417,0.7417,0,0,0.004112546959799946
2015-03-17T22:00:00Z,0.7514,0.7514,0.7514,0.7514,0,0,0.004511650748385659
2015-03-18T22:00:00Z,0.7414,0.7414,0.7414,0.7414,0,0,0.004903675694929541
2015-03-19T22:00:00Z,0.756,0.756,0.756,0.756,0,0,0.005596270288148864
2015-03-22T22:00:00Z,0.7666,0.7666,0.7666,0.7666,0,0,0.005953679553281084
2015-03-23T22:00:00Z,0.7654,0.7654,0.7654,0.7654,0,0,0.005614131013761005
2015-03-24T22:00:00Z,0.7629,0.7629,0.7629,0.7629,0,0,0.005391693084206644
2015-03-25T22:00:00Z,0.7606,0.7606,0.7606,0.7606,0,0,0.005170857863906167
2015-03-26T22:00:00Z,0.7557,0.7557,0.7557,0.7557,0,0,0.0051515108736271565
2015-03-29T22:00:00Z,0.7454,0.7454,0.7454,0.7454,0,0,0.005519260096939509
2015-03-30T22:00:00Z,0.7418,0.7418,0.7418,0.7418,0,0,0.005382170090015253
2015-03-31T22:00:00Z,0.7405,0.7405,0.7405,0.7405,0,0,0.005090586512157018
2015-04-01T22:00:00Z,0.7393,0.7393,0.7393,0.7393,0,0,0.004812687475574381
2015-04-02T22:00:00Z,0.7462,0.7462,0.7462,0.7462,0,0,0.004961781227319069
2015-04-05T22:00:00Z,0.7427,0.7427,0.7427,0.7427,0,0,0.00485736828251056
2015-04-06T22:00:00Z,0.7428,0.7428,0.7428,0.7428,0,0,0.004517556262331233
2015-04-07T22:00:00Z,0.7488,0.7488,0.7488,0.7488,0,0,0.0046234451007361455
2015-04-08T22:00:00Z,0.748,0.748,0.748,0.748,0,0,0.004350341879254994
2015-04-09T22:00:00Z,0.7474,0.7474,0.7474,0.7474,0,0,0.004082460316451069
2015-04-12T22:00:00Z,0.7383,0.7383,0.7383,0.7383,0,0,0.004440856008133135
2015-04-13T22:00:00Z,0.743,0.743,0.743,0.743,0,0,0.004459366293266485
2015-04-14T22:00:00Z,0.7474,0.7474,0.7474,0.7474,0,0,0.004455125843747448
2015-04-15T22:00:00Z,0.7593,0.7593,0.7593,0.7593,0,0,0.0049869025691940605
2015-04-16T22:00:00Z,0.7558,0.7558,0.7558,0.7558,0,0,0.0048806952428230525
2015-04-19T22:00:00Z,0.7498,0.7498,0.7498,0.7498,0,0,0.0049606455826214065
2015-04-20T22:00:00Z,0.7489,0.7489,0.7489,0.7489,0,0,0.0046705994695770215
2015-04-21T22:00:00Z,0.7547,0.7547,0.7547,0.7547,0,0,0.004751270936035808
2015-04-22T22:00:00Z,0.7552,0.7552,0.7552,0.7552,0,0,0.00444760872631896
2015-04-23T22:00:00Z,0.7595,0.7595,0.7595,0.7595,0,0,0.004437065245867604
2015-04-26T22:00:00Z,0.7623,0.7623,0.7623,0.7623,0,0,0.00432013201401992
2015-04-27T22:00:00Z,0.7778,0.7778,0.7778,0.7778,0,0,0.005118694013018502
2015-04-28T22:00:00Z,0.7798,0.7798,0.7798,0.7798,0,0,0.004895930154945752
2015-04-29T22:00:00Z,0.7695,0.7695,0.7695,0.7695,0,0,0.005281935143878204
2015-04-30T22:00:00Z,0.7611,0.7611,0.7611,0.7611,0,0,0.005504654062172616
2015-05-03T22:00:00Z,0.763,0.763,0.763,0.763,0,0,0.00524717877201743
2015-05-04T22:00:00Z,0.772,0.772,0.772,0.772,0,0,0.005515237431159043
2015-05-05T22:00:00Z,0.774,0.774,0.774,0.774,0,0,0.0052641490432191115
2015-05-06T22:00:00Z,0.7683,0.7683,0.7683,0.7683,0,0,0.00529528125441775
2015-05-07T22:00:00Z,0.7691,0.7691,0.7691,0.7691,0,0,0.004974189736245055
2015-05-10T22:00:00Z,0.7679,0.7679,0.7679,0.7679,0,0,0.004704604755084692
2015-05-11T22:00:00Z,0.7763,0.7763,0.7763,0.7763,0,0,0.0049685615582929265
2015-05-12T22:00:00Z,0.7869,0.7869,0.7869,0.7869,0,0,0.005370807161272007
2015-05-13T22:00:00Z,0.7841,0.7841,0.7841,0.7841,0,0,0.0051871780783240085
2015-05-14T22:00:00Z,0.7819,0.7819,0.7819,0.7819,0,0,0.004973808215586578
2015-05-17T22:00:00Z,0.7754,0.7754,0.7754,0.7754,0,0,0.005082821914473255
2015-05-18T22:00:00Z,0.7695,0.7695,0.7695,0.7695,0,0,0.005141191777725167
2015-05-19T22:00:00Z,0.7682,0.7682,0.7682,0.7682,0,0,0.004866820936459082
2015-05-20T22:00:00Z,0.7678,0.7678,0.7678,0.7678,0,0,0.004547762298140573
2015-05-21T22:00:00Z,0.7617,0.7617,0.7617,0.7617,0,0,0.0046586364197019605
2015-05-25T22:00:00Z,0.7524,0.7524,0.7524,0.7524,0,0,0.004990162389723255
2015-05-26T22:00:00Z,0.7511,0.7511,0.7511,0.7511,0,0,0.004726579361885877
2015-05-27T22:00:00Z,0.7455,0.7455,0.7455,0.7455,0,0,0.004788966550322596
2015-05-28T22:00:00Z,0.7459,0.7459,0.7459,0.7459,0,0,0.004475468939585265
2015-05-31T22:00:00Z,0.7413,0.7413,0.7413,0.7413,0,0,0.004484364015329179
2015-06-01T22:00:00Z,0.7574,0.7574,0.7574,0.7574,0,0,0.005314052299948524
2015-06-02T22:00:00Z,0.7559,0.7559,0.7559,0.7559,0,0,0.00504161999280934
2015-06-03T22:00:00Z,0.7481,0.7481,0.7481,0.7481,0,0,0.005238647136180103
2015-06-04T22:00:00Z,0.7424,0.7424,0.7424,0.7424,0,0,0.005271600912167241
2015-06-07T22:00:00Z,0.7495,0.7495,0.7495,0.7495,0,0,0.005402200847012445
2015-06-08T22:00:00Z,0.7484,0.7484,0.7484,0.7484,0,0,0.005094900786511563
2015-06-09T22:00:00Z,0.7563,0.7563,0.7563,0.7563,0,0,0.005295265016046452
2015-06-10T22:00:00Z,0.7554,0.7554,0.7554,0.7554,0,0,0.004981317514900277
2015-06-11T22:00:00Z,0.7541,0.7541,0.7541,0.7541,0,0,0.004718366263835969
2015-06-14T22:00:00Z,0.7569,0.7569,0.7569,0.7569,0,0,0.004581340102133401
2015-06-15T22:00:00Z,0.7549,0.7549,0.7549,0.7549,0,0,0.00439695866626673
2015-06-16T22:00:00Z,0.7558,0.7558,0.7558,0.7558,0,0,0.004147175904390536
2015-06-17T22:00:00Z,0.7595,0.7595,0.7595,0.7595,0,0,0.004115234768362635
2015-06-18T22:00:00Z,0.7571,0.7571,0.7571,0.7571,0,0,0.003992717999193872
2015-06-21T22:00:00Z,0.7525,0.7525,0.7525,0.7525,0,0,0.004036095284965742
2015-06-22T22:00:00Z,0.7529,0.7529,0.7529,0.7529,0,0,0.0037763741931824794
2015-06-23T22:00:00Z,0.751,0.751,0.751,0.751,0,0,0.0036423474650980176
2015-06-24T22:00:00Z,0.7546,0.7546,0.7546,0.7546,0,0,0.003639322646162448
2015-06-25T22:00:00Z,0.7456,0.7456,0.7456,0.7456,0,0,0.0040222281714365595
2015-06-28T22:00:00Z,0.7503,0.7503,0.7503,0.7503,0,0,0.004070640444905372
2015-06-29T22:00:00Z,0.7516,0.7516,0.7516,0.7516,0,0,0.003872737555983565
2015-06-30T22:00:00Z,0.7449,0.7449,0.7449,0.7449,0,0,0.004074684873413313
2015-07-01T22:00:00Z,0.7427,0.7427,0.7427,0.7427,0,0,0.003940778811026647
2015-07-05T22:00:00Z,0.7309,0.7309,0.7309,0.7309,0,0,0.004502151753096174
2015-07-06T22:00:00Z,0.725,0.725,0.725,0.725,0,0,0.004601998056446449
2015-07-07T22:00:00Z,0.7235,0.7235,0.7235,0.7235,0,0,0.00438042676670027
2015-07-08T22:00:00Z,0.7254,0.7254,0.7254,0.7254,0,0,0.00420325342622168
2015-07-09T22:00:00Z,0.725,0.725,0.725,0.725,0,0,0.003931592467205851
2015-07-12T22:00:00Z,0.722,0.722,0.722,0.722,0,0,0.003865050148119719
2015-07-13T22:00:00Z,0.726,0.726,0.726,0.726,0,0,0.003874689423254025
2015-07-14T22:00:00Z,0.7188,0.7188,0.7188,0.7188,0,0,0.004112211607307308
2015-07-15T22:00:00Z,0.722,0.722,0.722,0.722,0,0,0.004047053635356785
2015-07-16T22:00:00Z,0.7198,0.7198,0.7198,0.7198,0,0,0.003915121232831298
2015-07-19T22:00:00Z,0.7198,0.7198,0.7198,0.7198,0,0,0.003635469716200491
2015-07-20T22:00:00Z,0.7247,0.7247,0.7247,0.7247,0,0,0.003725793307900457
2015-07-21T22:00:00Z,0.7199,0.7199,0.7199,0.7199,0,0,0.0038025223573361403
2015-07-22T22:00:00Z,0.7191,0.7191,0.7191,0.7191,0,0,0.003588056474669275
2015-07-23T22:00:00Z,0.7114,0.7114,0.7114,0.7114,0,0,0.0038817667264786073
2015-07-26T22:00:00Z,0.7114,0.7114,0.7114,0.7114,0,0,0.003604497674587278
2015-07-27T22:00:00Z,0.7155,0.7155,0.7155,0.7155,0,0,0.003639890697831043
2015-07-28T22:00:00Z,0.7137,0.7137,0.7137,0.7137,0,0,0.003508469933700256
2015-07-29T22:00:00Z,0.7122,0.7122,0.7122,0.7122,0,0,0.0033650077955788052
2015-07-30T22:00:00Z,0.7122,0.7122,0.7122,0.7122,0,0,0.003124650095894605
2015-08-02T22:00:00Z,0.7104,0.7104,0.7104,0.7104,0,0,0.003030032231902135
2015-08-03T22:00:00Z,0.7214,0.7214,0.7214,0.7214,0,0,0.003599315643909126
2015-08-04T22:00:00Z,0.7179,0.7179,0.7179,0.7179,0,0,0.003592221669344193
2015-08-05T22:00:00Z,0.7171,0.7171,0.7171,0.7171,0,0,0.0033927772643910377
2015-08-06T22:00:00Z,0.7243,0.7243,0.7243,0.7243,0,0,0.00366472174550597
2015-08-09T22:00:00Z,0.724,0.724,0.724,0.724,0,0,0.003424384477969835
2015-08-10T22:00:00Z,0.7124,0.7124,0.7124,0.7124,0,0,0.0040083570152577
2015-08-11T22:00:00Z,0.7208,0.7208,0.7208,0.7208,0,0,0.0043220457998821476
2015-08-12T22:00:00Z,0.7199,0.7199,0.7199,0.7199,0,0,0.004077613957033424
2015-08-13T22:00:00Z,0.7213,0.7213,0.7213,0.7213,0,0,0.003886355817245327
2015-08-16T22:00:00Z,0.7216,0.7216,0.7216,0.7216,0,0,0.003630187544584944
2015-08-17T22:00:00Z,0.7178,0.7178,0.7178,0.7178,0,0,0.003642317005686021
2015-08-18T22:00:00Z,0.72,0.72,0.72,0.72,0,0,0.0035392943624227326
2015-08-19T22:00:00Z,0.7178,0.7178,0.7178,0.7178,0,0,0.0034436304793925357
2015-08-20T22:00:00Z,0.7169,0.7169,0.7169,0.7169,0,0,0.0032619425880073554
2015-08-23T22:00:00Z,0.7015,0.7015,0.7015,0.7015,0,0,0.004128946688863971
2015-08-24T22:00:00Z,0.6998,0.6998,0.6998,0.6998,0,0,0.003955450496802261
2015-08-25T22:00:00Z,0.6942,0.6942,0.6942,0.6942,0,0,0.004072918318459238
2015-08-26T22:00:00Z,0.7013,0.7013,0.7013,0.7013,0,0,0.0042891384385692925
2015-08-27T22:00:00Z,0.7015,0.7015,0.7015,0.7015,0,0,0.0039970571215286275
2015-08-30T22:00:00Z,0.6977,0.6977,0.6977,0.6977,0,0,0.003982981612848013
2015-08-31T22:00:00Z,0.6885,0.6885,0.6885,0.6885,0,0,0.004355625783358868
2015-09-01T22:00:00Z,0.6881,0.6881,0.6881,0.6881,0,0,0.0040730810845475175
2015-09-02T22:00:00Z,0.6866,0.6866,0.6866,0.6866,0,0,0.003889289578508413
2015-09-03T22:00:00Z,0.6783,0.6783,0.6783,0.6783,0,0,0.004204340322900667
2015-09-07T22:00:00Z,0.688,0.688,0.688,0.688,0,0,0.004596887442693471
2015-09-08T22:00:00Z,0.687,0.687,0.687,0.687,0,0,0.004339966911072501
2015-09-09T22:00:00Z,0.6932,0.6932,0.6932,0.6932,0,0,0.004472826417424464
2015-09-10T22:00:00Z,0.693,0.693,0.693,0.693,0,0,0.00416762453046558
2015-09-13T22:00:00Z,0.6985,0.6985,0.6985,0.6985,0,0,0.0042627942068609
2015-09-14T22:00:00Z,0.6973,0.6973,0.6973,0.6973,0,0,0.00404402319208512
2015-09-15T22:00:00Z,0.7039,0.7039,0.7039,0.7039,0,0,0.004226592964079036
2015-09-16T22:00:00Z,0.7107,0.7107,0.7107,0.7107,0,0,0.004410407752359106
2015-09-17T22:00:00Z,0.706,0.706,0.706,0.706,0,0,0.004431092912904887
2015-09-20T22:00:00Z,0.698,0.698,0.698,0.698,0,0,0.004686014847697395
2015-09-21T22:00:00Z,0.693,0.693,0.693,0.693,0,0,0.004708442358576153
2015-09-22T22:00:00Z,0.6847,0.6847,0.6847,0.6847,0,0,0.004964982190106426
2015-09-23T22:00:00Z,0.6881,0.6881,0.6881,0.6881,0,0,0.0048531977479559715
2015-09-24T22:00:00Z,0.687,0.687,0.687,0.687,0,0,0.004585112194530545
2015-09-27T22:00:00Z,0.6839,0.6839,0.6839,0.6839,0,0,0.0044790327520640855
2015-09-28T22:00:00Z,0.6832,0.6832,0.6832,0.6832,0,0,0.004209101841202359
2015-09-29T22:00:00Z,0.6866,0.6866,0.6866,0.6866,0,0,0.004151308852545045
2015-09-30T22:00:00Z,0.6884,0.6884,0.6884,0.6884,0,0,0.003983358220220401
2015-10-01T22:00:00Z,0.6885,0.6885,0.6885,0.6885,0,0,0.0037059754902046575
2015-10-04T22:00:00Z,0.6941,0.6941,0.6941,0.6941,0,0,0.0038412629551900427
2015-10-05T22:00:00Z,0.7005,0.7005,0.7005,0.7005,0,0,0.00402402988696218
2015-10-06T22:00:00Z,0.7053,0.7053,0.7053,0.7053,0,0,0.004079456323607741
2015-10-07T22:00:00Z,0.7107,0.7107,0.7107,0.7107,0,0,0.004173780871921471
2015-10-08T22:00:00Z,0.7179,0.7179,0.7179,0.7179,0,0,0.004389939381069936
2015-10-11T22:00:00Z,0.7219,0.7219,0.7219,0.7219,0,0,0.00436208656813637
2015-10-12T22:00:00Z,0.7117,0.7117,0.7117,0.7117,0,0,0.004779080384698056
2015-10-13T22:00:00Z,0.7135,0.7135,0.7135,0.7135,0,0,0.0045662889286481965
2015-10-14T22:00:00Z,0.7186,0.7186,0.7186,0.7186,0,0,0.004604411148030467
2015-10-15T22:00:00Z,0.7132,0.7132,0.7132,0.7132,0,0,0.004661238923171153
2015-10-18T22:00:00Z,0.7108,0.7108,0.7108,0.7108,0,0,0.0044997218572303535
2015-10-19T22:00:00Z,0.711,0.711,0.711,0.711,0,0,0.004192598867428184
2015-10-20T22:00:00Z,0.7075,0.7075,0.7075,0.7075,0,0,0.004143127519754738
2015-10-21T22:00:00Z,0.7064,0.7064,0.7064,0.7064,0,0,0.003925761268343685
2015-10-22T22:00:00Z,0.7068,0.7068,0.7068,0.7068,0,0,0.0036739211777477043
2015-10-25T22:00:00Z,0.7106,0.7106,0.7106,0.7106,0,0,0.003682926807908584
2015-10-26T22:00:00Z,0.7048,0.7048,0.7048,0.7048,0,0,0.0038341463216294016
2015-10-27T22:00:00Z,0.6946,0.6946,0.6946,0.6946,0,0,0.004288850155798729
2015-10-28T22:00:00Z,0.6949,0.6949,0.6949,0.6949,0,0,0.004003932287527389
2015-10-29T22:00:00Z,0.7001,0.7001,0.7001,0.7001,0,0,0.004089365695561146
2015-11-01T23:00:00Z,0.7005,0.7005,0.7005,0.7005,0,0,0.0038258395744496408
2015-11-02T23:00:00Z,0.7061,0.7061,0.7061,0.7061,0,0,0.003952565319131805
2015-11-03T23:00:00Z,0.7015,0.7015,0.7015,0.7015,0,0,0.0039988106534795285
2015-11-04T23:00:00Z,0.7009,0.7009,0.7009,0.7009,0,0,0.00375603846394528
2015-11-05T23:00:00Z,0.6909,0.6909,0.6909,0.6909,0,0,0.004202035716520618
2015-11-08T23:00:00Z,0.6915,0.6915,0.6915,0.6915,0,0,0.003944747451054863
2015-11-09T23:00:00Z,0.6888,0.6888,0.6888,0.6888,0,0,0.003855836918836661
2015-11-10T23:00:00Z,0.6919,0.6919,0.6919,0.6919,0,0,0.0038018485674911847
2015-11-11T23:00:00Z,0.6983,0.6983,0.6983,0.6983,0,0,0.003987430812670391
2015-11-12T23:00:00Z,0.699,0.699,0.699,0.699,0,0,0.003752614326051072
2015-11-15T23:00:00Z,0.6953,0.6953,0.6953,0.6953,0,0,0.0037488561599045614
2015-11-16T23:00:00Z,0.6981,0.6981,0.6981,0.6981,0,0,0.0036810807199113803
2015-11-17T23:00:00Z,0.6958,0.6958,0.6958,0.6958,0,0,0.0035824320970605735
2015-11-18T23:00:00Z,0.7054,0.7054,0.7054,0.7054,0,0,0.004012258375841965
2015-11-19T23:00:00Z,0.71,0.71,0.71,0.71,0,0,0.004054239920424677
2015-11-22T23:00:00Z,0.7047,0.7047,0.7047,0.7047,0,0,0.004143222783251484
2015-11-23T23:00:00Z,0.7109,0.7109,0.7109,0.7109,0,0,0.004290135441590662
2015-11-24T23:00:00Z,0.7115,0.7115,0.7115,0.7115,0,0,0.004026554338619904
2015-11-26T23:00:00Z,0.7059,0.7059,0.7059,0.7059,0,0,0.0041389433144327714
2015-11-29T23:00:00Z,0.7099,0.7099,0.7099,0.7099,0,0,0.004129018791973288
2015-11-30T23:00:00Z,0.7195,0.7195,0.7195,0.7195,0,0,0.004519803163975199
2015-12-01T23:00:00Z,0.7168,0.7168,0.7168,0.7168,0,0,0.004389817223691259
2015-12-02T23:00:00Z,0.7213,0.7213,0.7213,0.7213,0,0,0.00439768742199903
2015-12-03T23:00:00Z,0.7205,0.7205,0.7205,0.7205,0,0,0.004140709748999101
2015-12-06T23:00:00Z,0.713,0.713,0.713,0.713,0,0,0.0043806590526420264
2015-12-07T23:00:00Z,0.7075,0.7075,0.7075,0.7075,0,0,0.004460611977453306
2015-12-08T23:00:00Z,0.708,0.708,0.708,0.708,0,0,0.004177711121920924
2015-12-09T23:00:00Z,0.7152,0.7152,0.7152,0.7152,0,0,0.004393588898926571
2015-12-10T23:00:00Z,0.7053,0.7053,0.7053,0.7053,0,0,0.0047869039775746665
2015-12-13T23:00:00Z,0.7111,0.7111,0.7111,0.7111,0,0,0.00485926797917647
2015-12-14T23:00:00Z,0.7061,0.7061,0.7061,0.7061,0,0,0.004869320266378151
2015-12-15T23:00:00Z,0.7121,0.7121,0.7121,0.7121,0,0,0.004950083104493998
2015-12-16T23:00:00Z,0.6985,0.6985,0.6985,0.6985,0,0,0.005567934311315851
2015-12-17T23:00:00Z,0.7061,0.7061,0.7061,0.7061,0,0,0.0057130818605075715
2015-12-20T23:00:00Z,0.7066,0.7066,0.7066,0.7066,0,0,0.00534071887047132
2015-12-21T23:00:00Z,0.7098,0.7098,0.7098,0.7098,0,0,0.0051878103797233675
2015-12-22T23:00:00Z,0.7116,0.7116,0.7116,0.7116,0,0,0.004945823924028842
2015-12-23T23:00:00Z,0.7149,0.7149,0.7149,0.7149,0,0,0.0048282650723124945
2015-12-27T23:00:00Z,0.7128,0.7128,0.7128,0.7128,0,0,0.004633388995718744
2015-12-28T23:00:00Z,0.718,0.718,0.718,0.718,0,0,0.004673861210310261
2015-12-29T23:00:00Z,0.717,0.717,0.717,0.717,0,0,0.004411442552430957
2015-12-30T23:00:00Z,0.7171,0.7171,0.7171,0.7171,0,0,0.004103482370114459
2016-01-03T23:00:00Z,0.7067,0.7067,0.7067,0.7067,0,0,0.004553233629391995
2016-01-04T23:00:00Z,0.7035,0.7035,0.7035,0.7035,0,0,0.004456574084435423
2016-01-05T23:00:00Z,0.6945,0.6945,0.6945,0.6945,0,0,0.00478110450697575
2016-01-06T23:00:00Z,0.6879,0.6879,0.6879,0.6879,0,0,0.004911025613620342
2016-01-07T23:00:00Z,0.6868,0.6868,0.6868,0.6868,0,0,0.004638809498361746
2016-01-10T23:00:00Z,0.6864,0.6864,0.6864,0.6864,0,0,0.004336037391335904
2016-01-11T23:00:00Z,0.6868,0.6868,0.6868,0.6868,0,0,0.004054891863383336
2016-01-12T23:00:00Z,0.6844,0.6844,0.6844,0.6844,0,0,0.003936685301713095
2016-01-13T23:00:00Z,0.688,0.688,0.688,0.688,0,0,0.003912636351590727
2016-01-14T23:00:00Z,0.6748,0.6748,0.6748,0.6748,0,0,0.004576019469334246
2016-01-18T23:00:00Z,0.6794,0.6794,0.6794,0.6794,0,0,0.0045777323643818035
2016-01-19T23:00:00Z,0.6787,0.6787,0.6787,0.6787,0,0,0.0043007514812116775
2016-01-20T23:00:00Z,0.6876,0.6876,0.6876,0.6876,0,0,0.004629269232553702
2016-01-21T23:00:00Z,0.6892,0.6892,0.6892,0.6892,0,0,0.00441289285879987
2016-01-24T23:00:00Z,0.6859,0.6859,0.6859,0.6859,0,0,0.004333400511742741
2016-01-25T23:00:00Z,0.6905,0.6905,0.6905,0.6905,0,0,0.004352443332332549
2016-01-26T23:00:00Z,0.6918,0.6918,0.6918,0.6918,0,0,0.004134411665737365
2016-01-27T23:00:00Z,0.6962,0.6962,0.6962,0.6962,0,0,0.004153382261041843
2016-01-28T23:00:00Z,0.695,0.695,0.695,0.695,0,0,0.003942426385253147
2016-01-31T23:00:00Z,0.6982,0.6982,0.6982,0.6982,0,0,0.0038893959291636426
2016-02-01T23:00:00Z,0.6933,0.6933,0.6933,0.6933,0,0,0.003961581934223383
2016-02-02T23:00:00Z,0.7059,0.7059,0.7059,0.7059,0,0,0.004578611796064566
2016-02-03T23:00:00Z,0.7084,0.7084,0.7084,0.7084,0,0,0.004430139524917101
2016-02-04T23:00:00Z,0.695,0.695,0.695,0.695,0,0,0.005070843844565885
2016-02-07T23:00:00Z,0.6968,0.6968,0.6968,0.6968,0,0,0.004837212141382609
2016-02-08T23:00:00Z,0.6938,0.6938,0.6938,0.6938,0,0,0.004705982702712423
2016-02-09T23:00:00Z,0.6996,0.6996,0.6996,0.6996,0,0,0.004784126795375823
2016-02-10T23:00:00Z,0.6982,0.6982,0.6982,0.6982,0,0,0.004542403452848975
2016-02-11T23:00:00Z,0.6984,0.6984,0.6984,0.6984,0,0,0.004232231777645475
2016-02-15T23:00:00Z,0.6983,0.6983,0.6983,0.6983,0,0,0.003937072364956512
2016-02-16T23:00:00Z,0.7051,0.7051,0.7051,0.7051,0,0,0.004141567196031041
2016-02-17T23:00:00Z,0.7045,0.7045,0.7045,0.7045,0,0,0.0038885981106002473
2016-02-18T23:00:00Z,0.7034,0.7034,0.7034,0.7034,0,0,0.0036894125312716577
2016-02-21T23:00:00Z,0.7118,0.7118,0.7118,0.7118,0,0,0.004025883064752251
2016-02-22T23:00:00Z,0.7105,0.7105,0.7105,0.7105,0,0,0.00383117713155566
2016-02-23T23:00:00Z,0.7091,0.7091,0.7091,0.7091,0,0,0.0036575216221588318
2016-02-24T23:00:00Z,0.713,0.713,0.713,0.713,0,0,0.003674841506290345
2016-02-25T23:00:00Z,0.7016,0.7016,0.7016,0.7016,0,0,0.0042266385415553175
2016-02-28T23:00:00Z,0.7032,0.7032,0.7032,0.7032,2,0.1,0.004039021502872798
2016-02-29T23:00:00Z,0.7129,0.7129,0.7072,0.7072,2,0.2,0.004443377109810451
2016-03-01T23:00:00Z,0.7179,0.7189,0.7179,0.7189,1,0.25,0.004961707316252556
2016-03-02T23:00:00Z,0.7244,0.7244,0.7244,0.7244,0,0.25,0.005000156793663092
2016-03-03T23:00:00Z,0.7312,0.7312,0.7312,0.7312,0,0.25,0.00512871702268715
2016-03-06T23:00:00Z,0.7357,0.7357,0.7357,0.7357,0,0.25,0.005083808663923787
2016-03-07T23:00:00Z,0.7338,0.7338,0.7338,0.7338,0,0.25,0.004856393759357804
2016-03-08T23:00:00Z,0.7402,0.7402,0.7402,0.7402,0,0.25,0.004966651347975101
2016-03-09T23:00:00Z,0.7344,0.7344,0.7344,0.7344,0,0.25,0.0050261762516911595
2016-03-10T23:00:00Z,0.7461,0.7461,0.7461,0.7461,0,0.25,0.005502877947998928
2016-03-13T22:00:00Z,0.7396,0.7396,0.7396,0.7396,0,0.25,0.005574100951713287
2016-03-14T22:00:00Z,0.7342,0.7342,0.7342,0.7342,0,0.25,0.005561665169448058
2016-03-15T22:00:00Z,0.7421,0.7421,0.7421,0.7421,0,0.25,0.005728689085916055
2016-03-16T22:00:00Z,0.7539,0.7539,0.7539,0.7539,0,0.25,0.006162354151207768
2016-03-17T22:00:00Z,0.7489,0.7489,0.7489,0.7489,3,0.4,0.006079328854692928
2016-03-20T22:00:00Z,0.7479,0.7486,0.7477,0.7486,3,0.55,0.005730805365072003
2016-03-21T22:00:00Z,0.7504,0.7504,0.7504,0.7504,0,0.55,0.0054500335532811405
2016-03-22T22:00:00Z,0.7421,0.7421,0.7421,0.7421,0,0.55,0.005653602585189628
2016-03-23T22:00:00Z,0.7413,0.7413,0.7413,0.7413,0,0.55,0.005306916686247514
2016-03-27T22:00:00Z,0.7434,0.7434,0.7434,0.7434,0,0.55,0.005077851208658405
2016-03-28T22:00:00Z,0.7528,0.7528,0.7528,0.7528,0,0.45,0.0053865761223256675
2016-03-29T22:00:00Z,0.7562,0.7562,0.7562,0.7562,0,0.35,0.005244677827873831
2016-03-30T22:00:00Z,0.7565,0.7565,0.7565,0.7565,0,0.3,0.0048914865544542685
2016-03-31T22:00:00Z,0.7568,0.7568,0.7568,0.7568,0,0.3,0.004563523229136112
2016-04-03T22:00:00Z,0.7502,0.7502,0.7502,0.7502,0,0.3,0.004708985855626393
2016-04-04T22:00:00Z,0.7432,0.7432,0.7432,0.7432,0,0.3,0.004872629723081652
2016-04-05T22:00:00Z,0.7489,0.7489,0.7489,0.7489,0,0.3,0.004931727600004393
2016-04-06T22:00:00Z,0.7404,0.7404,0.7404,0.7404,0,0.3,0.005186604200004083
2016-04-07T22:00:00Z,0.7453,0.7453,0.7453,0.7453,0,0.3,0.005166132471432363
2016-04-10T22:00:00Z,0.7507,0.7507,0.7507,0.7507,0,0.3,0.005182837294901485
2016-04-11T22:00:00Z,0.7584,0.7584,0.7584,0.7584,0,0.3,0.005362634630979946
2016-04-12T22:00:00Z,0.7553,0.7553,0.7553,0.7553,0,0.3,0.005201017871624235
2016-04-13T22:00:00Z,0.7597,0.7597,0.7597,0.7597,0,0.3,0.005143802309365367
2016-04-14T22:00:00Z,0.7614,0.7614,0.7614,0.7614,0,0.3,0.004897816430124978
2016-04-17T22:00:00Z,0.7639,0.7639,0.7639,0.7639,0,0.15,0.004726543827973198
2016-04-18T22:00:00Z,0.7713,0.7713,0.7713,0.7713,1,0.05,0.004917504983117967
2016-04-19T22:00:00Z,0.77,0.77,0.7697,0.7697,1,0.1,0.004680540341466679
2016-04-20T22:00:00Z,0.7642,0.7642,0.7642,0.7642,0,0.1,0.004739073174219064
2016-04-21T22:00:00Z,0.7608,0.7608,0.7608,0.7608,0,0.1,0.004643425090346271
2016-04-24T22:00:00Z,0.7607,0.7607,0.7607,0.7607,1,0.15,0.004318894726750107
2016-04-25T22:00:00Z,0.76,0.7637,0.76,0.7637,1,0.2,0.004274687960553673
2016-04-26T22:00:00Z,0.7488,0.7488,0.7488,0.7488,0,0.2,0.005033638820514127
2016-04-27T22:00:00Z,0.7545,0.7545,0.7545,0.7545,0,0.2,0.005081236047620256
2016-04-28T22:00:00Z,0.7512,0.7512,0.7512,0.7512,0,0.2,0.004954004901361664
2016-05-01T22:00:00Z,0.7566,0.7566,0.7566,0.7566,0,0.2,0.0049858616941215505
2016-05-02T22:00:00Z,0.7405,0.7405,0.7405,0.7405,0,0.2,0.005779728715970011
2016-05-03T22:00:00Z,0.7376,0.7376,0.7376,0.7376,0,0.2,0.005574033807686439
2016-05-04T22:00:00Z,0.738,0.738,0.738,0.738,0,0.2,0.005204459964280262
2016-05-05T22:00:00Z,0.7286,0.7286,0.7286,0.7286,0,0.2,0.005504141395403098
2016-05-08T22:00:00Z,0.7246,0.7246,0.7246,0.7246,0,0.2,0.005396702724302877
2016-05-09T22:00:00Z,0.7283,0.7283,0.7283,0.7283,0,0.2,0.005275509672566952
2016-05-10T22:00:00Z,0.7302,0.7302,0.7302,0.7302,0,0.2,0.005034401838812171
2016-05-11T22:00:00Z,0.7255,0.7255,0.7255,0.7255,0,0.2,0.0050105159931827245
2016-05-12T22:00:00Z,0.7201,0.7201,0.7201,0.7201,0,0.2,0.005038336279383964
2016-05-15T22:00:00Z,0.7216,0.7216,0.7216,0.7216,2,0.3,0.004785597973713684
2016-05-16T22:00:00Z,0.726,0.726,0.7251,0.7251,2,0.35,0.004758055261305562
2016-05-17T22:00:00Z,0.7166,0.7166,0.7166,0.7166,0,0.3,0.0050253370283551615
2016-05-18T22:00:00Z,0.7155,0.7155,0.7155,0.7155,0,0.3,0.004744955812044078
2016-05-19T22:00:00Z,0.7155,0.7155,0.7155,0.7155,0,0.3,0.004406030396898073
2016-05-22T22:00:00Z,0.7156,0.7156,0.7156,0.7156,0,0.25,0.004098456797119638
2016-05-23T22:00:00Z,0.7116,0.7116,0.7116,0.7116,0,0.2,0.00409142416875395
2016-05-24T22:00:00Z,0.7133,0.7133,0.7133,0.7133,0,0.2,0.003920608156700099
2016-05-25T22:00:00Z,0.7151,0.7151,0.7151,0.7151,2,0.3,0.0037691361455072284
2016-05-26T22:00:00Z,0.7125,0.7136,0.7125,0.7136,2,0.4,0.0036856264208281362
2016-05-30T22:00:00Z,0.7153,0.7153,0.7153,0.7153,1,0.45,0.0035437959621975575
2016-05-31T22:00:00Z,0.7201,0.7201,0.7192,0.7192,1,0.5,0.003633524822040583
2016-06-01T22:00:00Z,0.72,0.72,0.716,0.716,1,0.55,0.003659701620466256
2016-06-02T22:00:00Z,0.7299,0.7299,0.7299,0.7299,0,0.55,0.004391151504718668
2016-06-05T22:00:00Z,0.7312,0.7312,0.7312,0.7312,1,0.6,0.004170354968667332
2016-06-06T22:00:00Z,0.7375,0.7386,0.7375,0.7386,1,0.65,0.004401043899476814
2016-06-07T22:00:00Z,0.7408,0.7408,0.7408,0.7408,0,0.65,0.004243826478085611
2016-06-08T22:00:00Z,0.7378,0.7378,0.7378,0.7378,0,0.65,0.004154981729650924
2016-06-09T22:00:00Z,0.731,0.731,0.731,0.731,6,0.95,0.004343911606104431
2016-06-12T22:00:00Z,0.732,0.732,0.732,0.732,0,0.95,0.004105060777096972
2016-06-13T22:00:00Z,0.7291,0.7291,0.7291,0.7291,0,0.85,0.004018985007304332
2016-06-14T22:00:00Z,0.7345,0.7345,0.7345,0.7345,0,0.75,0.004117628935354028
2016-06-15T22:00:00Z,0.7306,0.7306,0.7306,0.7306,0,0.75,0.00410208401140017
2016-06-16T22:00:00Z,0.7327,0.7327,0.7327,0.7327,0,0.75,0.003959078010585871
2016-06-19T22:00:00Z,0.7389,0.7389,0.7389,0.7389,0,0.75,0.004119143866972594
2016-06-20T22:00:00Z,0.7404,0.7404,0.7404,0.7404,0,0.75,0.003932062162188834
2016-06-21T22:00:00Z,0.7439,0.7439,0.7439,0.7439,0,0.75,0.0039012005791753497
2016-06-22T22:00:00Z,0.7531,0.7531,0.7531,0.7531,0,0.75,0.004279686252091395
2016-06-23T22:00:00Z,0.7434,0.7434,0.7434,0.7434,0,0.65,0.004666851519799156
2016-06-26T22:00:00Z,0.7271,0.7271,0.7271,0.7271,0,0.55,0.005497790696956358
2016-06-27T22:00:00Z,0.7302,0.7302,0.7302,0.7302,0,0.5,0.005326519932888046
2016-06-28T22:00:00Z,0.7374,0.7374,0.7374,0.7374,0,0.45,0.0054603399376817645
2016-06-29T22:00:00Z,0.738,0.738,0.738,0.738,0,0.4,0.00511317279927592
2016-06-30T22:00:00Z,0.742,0.742,0.742,0.742,0,0.4,0.005033660456470497
2016-07-04T22:00:00Z,0.7397,0.7397,0.7397,0.7397,0,0.35,0.004838398995294031
2016-07-05T22:00:00Z,0.7456,0.7456,0.7456,0.7456,0,0.3,0.004914227638487316
2016-07-06T22:00:00Z,0.7414,0.7414,0.7414,0.7414,0,0.3,0.004863211378595371
2016-07-07T22:00:00Z,0.7508,0.7508,0.7508,0.7508,0,0.3,0.005187267708695708
2016-07-10T22:00:00Z,0.7475,0.7475,0.7475,0.7475,0,0,0.0050524628723602975
2016-07-11T22:00:00Z,0.7576,0.7576,0.7576,0.7576,0,0,0.005413001238620276
2016-07-12T22:00:00Z,0.7551,0.7551,0.7551,0.7551,0,0,0.005204929721575975
2016-07-13T22:00:00Z,0.7579,0.7579,0.7579,0.7579,0,0,0.005033149027177692
2016-07-14T22:00:00Z,0.7539,0.7539,0.7539,0.7539,1,0.05,0.004959352668093572
2016-07-17T22:00:00Z,0.7546,0.7546,0.7536,0.7536,1,0.1,0.004676541763229745
2016-07-18T22:00:00Z,0.7455,0.7455,0.7455,0.7455,0,0.1,0.0049210744944276205
2016-07-19T22:00:00Z,0.7422,0.7422,0.7422,0.7422,0,0.1,0.0048052834591113675
2016-07-20T22:00:00Z,0.7437,0.7437,0.7437,0.7437,0,0.1,0.00456919178346056
2016-07-21T22:00:00Z,0.7416,0.7416,0.7416,0.7416,0,0.1,0.004392820941784804
2016-07-24T22:00:00Z,0.7419,0.7419,0.7419,0.7419,0,0.1,0.004100476588800173
2016-07-25T22:00:00Z,0.7455,0.7455,0.7455,0.7455,0,0.1,0.004064728261028735
2016-07-26T22:00:00Z,0.7432,0.7432,0.7432,0.7432,1,0.15,0.003938676242383831
2016-07-27T22:00:00Z,0.7494,0.7494,0.7453,0.7453,1,0.2,0.004100199367927842
2016-07-28T22:00:00Z,0.751,0.7554,0.751,0.7554,1,0.25,0.004528756555932997
2016-07-31T22:00:00Z,0.7516,0.7516,0.7516,0.7516,0,0.25,0.004476702516223492
2016-08-01T22:00:00Z,0.7562,0.7562,0.7562,0.7562,0,0.25,0.004485509479350382
2016-08-02T22:00:00Z,0.7535,0.7535,0.7535,0.7535,0,0.25,0.0043579730879682145
2016-08-03T22:00:00Z,0.759,0.759,0.759,0.759,0,0.25,0.004439546438827632
2016-08-04T22:00:00Z,0.7583,0.7583,0.7583,0.7583,1,0.3,0.004172435978911375
2016-08-07T22:00:00Z,0.7599,0.7611,0.7599,0.7611,1,0.35,0.0040744048375605645
2016-08-08T22:00:00Z,0.763,0.763,0.7626,0.7626,2,0.45,0.0039190902063062395
2016-08-09T22:00:00Z,0.766,0.7668,0.766,0.7668,4,0.65,0.003939155191570086
2016-08-10T22:00:00Z,0.7664,0.7664,0.7664,0.7664,0,0.65,0.0036863583921722272
2016-08-11T22:00:00Z,0.7608,0.7608,0.7608,0.7608,1,0.65,0.003823047078445635
2016-08-14T22:00:00Z,0.7658,0.7658,0.7637,0.7637,1,0.65,0.003907115144270947
2016-08-15T22:00:00Z,0.7662,0.7662,0.7662,0.7662,1,0.7,0.003806606919680161
2016-08-16T22:00:00Z,0.7593,0.7611,0.7593,0.7611,1,0.75,0.004027563568274437
2016-08-17T22:00:00Z,0.7653,0.7653,0.7653,0.7653,0,0.75,0.0040398804562548326
2016-08-18T22:00:00Z,0.7583,0.7583,0.7583,0.7583,2,0.85,0.004251317566522345
2016-08-21T22:00:00Z,0.7558,0.7593,0.7558,0.7593,2,0.95,0.00419765202605646
2016-08-22T22:00:00Z,0.76,0.76,0.7587,0.7587,2,1.05,0.003990676881338139
2016-08-23T22:00:00Z,0.7553,0.7574,0.7553,0.7574,2,1.1,0.003948485675528276
2016-08-24T22:00:00Z,0.758,0.758,0.758,0.758,1,1.1,0.00370930812727626
2016-08-25T22:00:00Z,0.7519,0.7519,0.7519,0.7519,0,1.05,0.0038800718324708125
2016-08-28T22:00:00Z,0.7542,0.7542,0.7542,0.7542,8,1.45,0.003767209558722895
2016-08-29T22:00:00Z,0.75,0.75,0.7477,0.7477,1,1.5,0.00396240887595697
2016-08-30T22:00:00Z,0.7481,0.7481,0.7481,0.7481,0,1.5,0.0037079510991028975
2016-08-31T22:00:00Z,0.7522,0.7522,0.7522,0.7522,0,1.5,0.003735954592024118
2016-09-01T22:00:00Z,0.7534,0.7534,0.7534,0.7534,4,1.65,0.003554814978308108
2016-09-05T22:00:00Z,0.754,0.7648,0.754,0.7648,4,1.8,0.0041151853370003915
2016-09-06T22:00:00Z,0.7638,0.7638,0.7638,0.7638,54,4.4,0.003892672098643221
2016-09-07T22:00:00Z,0.7661,0.767,0.7603,0.761,54,6.9,0.0040931955201687084
2016-09-08T22:00:00Z,0.7589,0.7589,0.7517,0.7517,89,11.35,0.004465110125870942
2016-09-11T22:00:00Z,0.751,0.753,0.7473,0.7525,249,23.75,0.004553316545451591
2016-09-12T22:00:00Z,0.7481,0.7481,0.7421,0.7421,18,24.6,0.004970936792205047
2016-09-13T22:00:00Z,0.7443,0.7443,0.7438,0.7438,15,25.3,0.00477301273561897
2016-09-14T22:00:00Z,0.7468,0.7483,0.7468,0.7483,2,25.35,0.004753511825931897
2016-09-15T22:00:00Z,0.747,0.747,0.7442,0.7448,47,27.7,0.004706832409793903
2016-09-18T22:00:00Z,0.7494,0.7531,0.7494,0.7516,23,28.75,0.004963487237665765
2016-09-19T22:00:00Z,0.7518,0.7525,0.7517,0.752,21,29.7,0.00467323814926106
2016-09-20T22:00:00Z,0.751,0.7592,0.751,0.7572,77,33.45,0.004925149710028125
2016-09-21T22:00:00Z,0.76,0.764,0.76,0.7604,104,38.55,0.005059067587883262
2016-09-22T22:00:00Z,0.7605,0.7609,0.7582,0.7587,14,39.2,0.004890562760177317
2016-09-25T22:00:00Z,0.7582,0.7615,0.7573,0.7606,36,41,0.004841236848736079
2016-09-26T22:00:00Z,0.7589,0.7663,0.7589,0.7634,95,45.35,0.005024005645254928
2016-09-27T22:00:00Z,0.764,0.7659,0.763,0.7659,115,51.05,0.0048722909563081495
2016-09-28T22:00:00Z,0.7658,0.767,0.76,0.7615,70,54.55,0.005024270173714711
2016-09-29T22:00:00Z,0.7598,0.7642,0.757,0.7635,131,61.1,0.005179679447020802
2016-10-02T22:00:00Z,0.7618,0.7646,0.7618,0.7646,29,62.35,0.005009702343662167
2016-10-03T22:00:00Z,0.7664,0.7664,0.7584,0.7591,132,68.75,0.005223295033400584
2016-10-04T22:00:00Z,0.76,0.761,0.7575,0.7596,175,74.8,0.005100202531014832
2016-10-05T22:00:00Z,0.7585,0.7589,0.7539,0.7551,63,75.25,0.005143045207370918
2016-10-06T22:00:00Z,0.7544,0.7586,0.7526,0.7553,42,72.9,0.005204256263987281
2016-10-09T22:00:00Z,0.7572,0.7597,0.7564,0.7579,15,61.2,0.005146809387988194
2016-10-10T22:00:00Z,0.7553,0.7553,0.7513,0.7517,62,63.4,0.005250608717417613
2016-10-11T22:00:00Z,0.7535,0.7558,0.7528,0.7537,35,64.4,0.005168422380459212
2016-10-12T22:00:00Z,0.7523,0.7551,0.7481,0.7551,550,91.8,0.005299249353283554
2016-10-13T22:00:00Z,0.7535,0.7616,0.7535,0.7584,294,104.15,0.005499302970906165
2016-10-16T22:00:00Z,0.7592,0.76,0.757,0.76,251,115.55,0.005320781330127153
2016-10-17T22:00:00Z,0.7619,0.766,0.7619,0.7639,207,124.85,0.005369296949403786
2016-10-18T22:00:00Z,0.7661,0.7701,0.764,0.7689,770,159.5,0.005428632881589228
2016-10-19T22:00:00Z,0.7696,0.7696,0.7596,0.7601,135,161.05,0.005755159104332848
2016-10-20T22:00:00Z,0.7602,0.7619,0.7563,0.7578,75,164.1,0.005744076311166219
2016-10-23T22:00:00Z,0.7587,0.7611,0.7571,0.7579,52,164.9,0.005619499431797204
2016-10-24T22:00:00Z,0.7595,0.7629,0.7595,0.762,192,169.75,0.005575249472383118
2016-10-25T22:00:00Z,0.762,0.768,0.7614,0.7614,437,185.85,0.00564844593864147
2016-10-26T22:00:00Z,0.7619,0.7619,0.7559,0.7563,622,213.45,0.005673556943024223
2016-10-27T22:00:00Z,0.7562,0.7583,0.7535,0.7574,210,217.4,0.005611160018522494
2016-10-30T22:00:00Z,0.7571,0.7595,0.7563,0.7578,271,229.5,0.005438934302913743
2016-10-31T22:00:00Z,0.7581,0.7664,0.7581,0.7624,368,241.3,0.005664724709848472
2016-11-01T22:00:00Z,0.7618,0.765,0.759,0.7631,70,236.05,0.0056886729448592955
2016-11-02T22:00:00Z,0.7645,0.7663,0.7627,0.7663,40,234.9,0.005539482020226485
2016-11-03T22:00:00Z,0.7665,0.7666,0.763,0.7653,49,235.25,0.005400947590210302
2016-11-06T23:00:00Z,0.7654,0.7702,0.7646,0.7694,210,245,0.005415165619480999
2016-11-07T23:00:00Z,0.7685,0.7752,0.7668,0.7729,393,261.55,0.005628368075232354
2016-11-08T23:00:00Z,0.772,0.7747,0.757,0.7625,1218,320.7,0.006490627498430047
2016-11-09T23:00:00Z,0.7617,0.7714,0.7548,0.7588,634,324.9,0.007212725534256469
2016-11-10T23:00:00Z,0.7586,0.7606,0.7504,0.7513,629,341.65,0.007426102281809586
2016-11-13T23:00:00Z,0.7529,0.7542,0.7502,0.7522,486,353.4,0.007181380690251759
2016-11-14T23:00:00Z,0.755,0.7554,0.7487,0.7528,507,368.4,0.00714699635523377
2016-11-15T23:00:00Z,0.7537,0.7545,0.7441,0.746,1497,404.75,0.007379353758431356
2016-11-16T23:00:00Z,0.7472,0.7478,0.7376,0.7391,806,438.3,0.007580828489971972
2016-11-17T23:00:00Z,0.7382,0.739,0.7313,0.7323,538,461.45,0.007596483597831119
2016-11-20T23:00:00Z,0.7312,0.7361,0.7295,0.7336,608,489.25,0.0075253061979860345
2016-11-21T23:00:00Z,0.735,0.7393,0.735,0.7378,555,507.4,0.00739492718384417
2016-11-22T23:00:00Z,0.7385,0.7425,0.7358,0.7368,781,524.6,0.007345289527855303
2016-11-24T23:00:00Z,0.7363,0.7449,0.7346,0.7408,1376,562.3,0.0075563402758656376
2016-11-27T23:00:00Z,0.7421,0.7473,0.7415,0.7456,866,595.1,0.007480887399018088
2016-11-28T23:00:00Z,0.7472,0.7477,0.7414,0.747,1284,645.75,0.00739653829908823
2016-11-29T23:00:00Z,0.7467,0.7477,0.7358,0.7371,4514,853.05,0.007718214134867644
2016-11-30T23:00:00Z,0.7371,0.7401,0.7352,0.7395,1492,924.15,0.0075169131252342414
2016-12-01T23:00:00Z,0.7404,0.745,0.7383,0.7427,1091,976.7,0.007458562187717513
2016-12-04T23:00:00Z,0.7397,0.748,0.7396,0.746,1511,1049.8,0.0075258077457376876
2016-12-05T23:00:00Z,0.7455,0.7462,0.7415,0.744,1505,1114.55,0.007323964335327847
2016-12-06T23:00:00Z,0.7452,0.7467,0.74,0.7459,2554,1222.6,0.007279395454233004
2016-12-07T23:00:00Z,0.7468,0.7492,0.7413,0.7443,4562,1389.8,0.007323724350359219
2016-12-08T23:00:00Z,0.7434,0.7478,0.742,0.7438,8482,1782.2,0.007214886896762134
2016-12-11T23:00:00Z,0.7425,0.749,0.7422,0.7471,8913,2196.4,0.007185252118421984
2016-12-12T23:00:00Z,0.748,0.7509,0.746,0.7481,20628,3203.5,0.007022019824248986
2016-12-13T23:00:00Z,0.748,0.7509,0.7379,0.7408,45267,5441.5,0.007449018408231202
2016-12-14T23:00:00Z,0.7385,0.7416,0.7322,0.735,52922,8012.75,0.007588374236214694
2016-12-15T23:00:00Z,0.7346,0.7355,0.7251,0.7278,91140,12529.45,0.007789204647913649
2016-12-18T23:00:00Z,0.7266,0.7298,0.7228,0.7238,73324,16168.75,0.0077328328873483895
2016-12-19T23:00:00Z,0.7232,0.7248,0.7208,0.7238,64214,19349.05,0.0074662019668235045
2016-12-20T23:00:00Z,0.7248,0.7264,0.7219,0.7231,54222,22032.4,0.0072543303977646864
2016-12-21T23:00:00Z,0.7216,0.7244,0.7183,0.7195,65932,25289.95,0.00717187822649578
2016-12-22T23:00:00Z,0.72,0.7214,0.7146,0.7156,55361,27989.2,0.007145315496031798
2016-12-26T23:00:00Z,0.717,0.7183,0.7159,0.7172,27283,29310.05,0.006827792960600958
2016-12-27T23:00:00Z,0.7173,0.7207,0.715,0.7171,49147,31703.2,0.006747236320558035
2016-12-28T23:00:00Z,0.7169,0.7211,0.7165,0.7195,52077,34081.35,0.0065938622976610285
2016-12-29T23:00:00Z,0.7207,0.7234,0.7183,0.7202,52756,36644.55,0.006487157847828098
2017-01-02T23:00:00Z,0.7186,0.7229,0.718,0.7208,88958,41037.9,0.006373789430126092
2017-01-03T23:00:00Z,0.7209,0.7275,0.7205,0.7252,86827,45303.7,0.0064185187565456575
2017-01-04T23:00:00Z,0.7264,0.7346,0.7262,0.7322,107981,50627.5,0.006631481702506687
2017-01-05T23:00:00Z,0.7328,0.7344,0.7278,0.7293,90475,55023.55,0.006629233009470499
2017-01-08T23:00:00Z,0.7283,0.7363,0.7282,0.7348,66640,58127.45,0.00673428779450832
2017-01-09T23:00:00Z,0.7347,0.7373,0.7319,0.7357,82722,61839.45,0.006638981523472008
2017-01-10T23:00:00Z,0.7353,0.7461,0.7341,0.7432,125649,67676.25,0.00702191141465258
2017-01-11T23:00:00Z,0.743,0.7508,0.7419,0.7481,101179,71703.8,0.007156060599320254
2017-01-12T23:00:00Z,0.7473,0.7499,0.7439,0.7492,96814,74281.15,0.007073484842225951
2017-01-16T23:00:00Z,0.7477,0.756,0.7448,0.7554,123765,77823.3,0.007368235924924096
2017-01-17T23:00:00Z,0.755,0.7556,0.7493,0.7527,83675,77450.05,0.007291933358858096
2017-01-18T23:00:00Z,0.7504,0.7565,0.7484,0.7547,96194,78593.55,0.007349652404653946
2017-01-19T23:00:00Z,0.7547,0.758,0.7509,0.7553,82928,79529.25,0.007331820090035806
2017-01-22T23:00:00Z,0.7552,0.758,0.7542,0.7566,76301,80633.2,0.007079547226461822
2017-01-23T23:00:00Z,0.7589,0.7601,0.7544,0.7571,80965,81384.85,0.0069810081388574086
2017-01-24T23:00:00Z,0.7576,0.759,0.7508,0.7551,112655,84249.55,0.007068078986081879
2017-01-25T23:00:00Z,0.7565,0.7577,0.7514,0.7544,64729,86121.85,0.00701321620136175
2017-01-26T23:00:00Z,0.7522,0.7566,0.7504,0.7544,71998,87264.4,0.006955129329835918
2017-01-29T23:00:00Z,0.755,0.7559,0.7521,0.7546,60218,87671.45,0.006729762949133355
2017-01-30T23:00:00Z,0.7551,0.7598,0.7535,0.7578,96492,89858.25,0.006699065595623835
2017-01-31T23:00:00Z,0.7573,0.759,0.7544,0.7582,76514,89236.05,0.0065491323387935636
2017-02-01T23:00:00Z,0.7575,0.769,0.7571,0.7654,101791,89984.25,0.006931337171736883
2017-02-02T23:00:00Z,0.7651,0.7689,0.7614,0.7669,97738,89472.1,0.006971955945184252
2017-02-05T23:00:00Z,0.7672,0.7675,0.7623,0.7651,63690,88132.85,0.006845387663385376
2017-02-06T23:00:00Z,0.7652,0.7674,0.7599,0.7634,81932,88897.45,0.006892145687429275
2017-02-07T23:00:00Z,0.762,0.7659,0.7605,0.7626,67049,88113.8,0.0067855638526129036
2017-02-08T23:00:00Z,0.7636,0.7659,0.7605,0.7622,80184,85840.55,0.006686595005997701
2017-02-09T23:00:00Z,0.7618,0.7684,0.7612,0.7669,76120,84587.6,0.006723266791283578
2017-02-12T23:00:00Z,0.7662,0.7673,0.7625,0.764,56788,82586.3,0.006585890591906182
2017-02-13T23:00:00Z,0.7635,0.7692,0.7613,0.7648,88754,80835.75,0.00667975554962717
2017-02-14T23:00:00Z,0.7666,0.7716,0.7632,0.77,95393,81421.65,0.006802630153225227
2017-02-15T23:00:00Z,0.7706,0.7731,0.7681,0.769,85209,80872.4,0.0066738708565662825
2017-02-16T23:00:00Z,0.7691,0.7709,0.7652,0.7655,63156,79883.8,0.006604308652525836
2017-02-20T23:00:00Z,0.767,0.7688,0.7646,0.768,74475,79792.5,0.006432572320202569
2017-02-21T23:00:00Z,0.767,0.7711,0.7663,0.7705,83539,79921.2,0.006315960011616673
2017-02-22T23:00:00Z,0.7698,0.7738,0.7661,0.7712,86179,78597.4,0.006414820010786914
2017-02-23T23:00:00Z,0.7712,0.7718,0.7662,0.767,77306,79226.25,0.006356618581444995
2017-02-26T23:00:00Z,0.7673,0.7705,0.7656,0.7678,60449,78648.8,0.006252574397056068
2017-02-27T23:00:00Z,0.7673,0.7693,0.7644,0.7666,76563,79466.05,0.006155961940123493
2017-02-28T23:00:00Z,0.765,0.7698,0.7633,0.7672,102930,79787.95,0.006180536087257533
2017-03-01T23:00:00Z,0.768,0.768,0.7556,0.7566,121362,82030.35,0.006624783509596278
2017-03-02T23:00:00Z,0.757,0.7599,0.7542,0.7583,123331,83107.35,0.006558727544625118
2017-03-05T23:00:00Z,0.7586,0.7608,0.7568,0.7582,75057,81973.3,0.00637596129143761
2017-03-06T23:00:00Z,0.7578,0.7632,0.7576,0.7586,94082,83492.9,0.006320535484906347
2017-03-07T23:00:00Z,0.7586,0.7608,0.7522,0.7535,120331,85412.85,0.006483354378841612
2017-03-08T23:00:00Z,0.7523,0.7534,0.7491,0.7506,134696,88795.2,0.0063345433517814935
2017-03-09T23:00:00Z,0.7499,0.7556,0.7498,0.7542,23824,85977.2,0.006296361683797103
2017-03-12T22:00:00Z,0.7544,0.7588,0.7535,0.7579,0,82171.2,0.006225192992097316