Date,Adj Close,Close,High,Low,Open,Volume
2018-01-02,24.510000228881836,24.510000228881836,24.56999969482422,23.850000381469727,24.06999969482422,15297200
2018-01-03,24.450000762939453,24.450000762939453,24.68000030517578,24.06999969482422,24.559999465942383,12832600
2018-01-04,23.989999771118164,23.989999771118164,24.59000015258789,23.690000534057617,24.5,17653500
2018-01-05,24.31999969482422,24.31999969482422,24.56999969482422,23.8799991607666,24.06999969482422,14953200
2018-01-08,24.59000015258789,24.59000015258789,24.780000686645508,23.8799991607666,24.3700008392334,17831300
2018-01-09,24.170000076293945,24.170000076293945,24.709999084472656,24.06999969482422,24.6299991607666,12587100
2018-01-10,24.25,24.25,24.420000076293945,23.760000228881836,24.0,10420700
2018-01-11,24.350000381469727,24.350000381469727,24.3700008392334,23.899999618530273,24.299999237060547,11670400
2018-01-12,25.40999984741211,25.40999984741211,25.850000381469727,24.93000030517578,24.940000534057617,37046100
2018-01-16,24.65999984741211,24.65999984741211,25.709999084472656,24.510000228881836,25.579999923706055,32340700
2018-01-17,24.559999465942383,24.559999465942383,24.950000762939453,24.219999313354492,24.84000015258789,17026700
2018-01-18,24.040000915527344,24.040000915527344,24.520000457763672,23.719999313354492,24.5,21118500
2018-01-19,23.65999984741211,23.65999984741211,24.219999313354492,23.5,24.1200008392334,17529700
2018-01-22,23.31999969482422,23.31999969482422,23.5,22.860000610351562,23.170000076293945,23010600
2018-01-23,22.75,22.75,23.170000076293945,22.40999984741211,22.510000228881836,35321200
2018-01-24,22.3700008392334,22.3700008392334,23.049999237060547,22.100000381469727,22.84000015258789,23186500
2018-01-25,22.15999984741211,22.15999984741211,22.68000030517578,22.040000915527344,22.5,15501700
2018-01-26,24.270000457763672,24.270000457763672,24.350000381469727,22.299999237060547,22.389999389648438,49683900
2018-01-29,25.18000030517578,25.18000030517578,25.549999237060547,24.100000381469727,24.399999618530273,52739600
2018-01-30,25.6200008392334,25.6200008392334,26.399999618530273,24.549999237060547,24.829999923706055,52388100
2018-01-31,25.809999465942383,25.809999465942383,26.649999618530273,25.139999389648438,25.610000610351562,40451900
2018-02-01,27.139999389648438,27.139999389648438,27.329999923706055,25.440000534057617,25.520000457763672,47582600
2018-02-02,25.920000076293945,25.920000076293945,27.030000686645508,25.700000762939453,26.559999465942383,32492100
2018-02-05,25.1299991607666,25.1299991607666,26.639999389648438,24.100000381469727,25.3700008392334,33918400
2018-02-06,25.239999771118164,25.239999771118164,25.579999923706055,24.200000762939453,24.59000015258789,26646500
2018-02-07,26.90999984741211,26.90999984741211,27.079999923706055,25.760000228881836,25.829999923706055,48909300
2018-02-08,30.18000030517578,30.18000030517578,35.0,29.709999084472656,34.150001525878906,162434400
2018-02-09,31.510000228881836,31.510000228881836,31.809999465942383,29.68000030517578,30.3700008392334,67181200
2018-02-12,30.950000762939453,30.950000762939453,31.899999618530273,30.860000610351562,31.440000534057617,37001000
2018-02-13,33.439998626708984,33.439998626708984,33.650001525878906,30.639999389648438,30.670000076293945,57653000
2018-02-14,33.75,33.75,33.97999954223633,32.54999923706055,32.849998474121094,39339200
2018-02-15,33.61000061035156,33.61000061035156,34.380001068115234,33.060001373291016,34.029998779296875,32020500
2018-02-16,33.060001373291016,33.060001373291016,33.5,32.68000030517578,33.369998931884766,27627000
2018-02-20,32.84000015258789,32.84000015258789,33.56999969482422,32.68000030517578,32.880001068115234,22766700
2018-02-21,33.380001068115234,33.380001068115234,34.060001373291016,32.650001525878906,33.029998779296875,29589300
2018-02-22,32.11000061035156,32.11000061035156,33.45000076293945,31.6299991607666,33.43000030517578,29184100
2018-02-23,32.65999984741211,32.65999984741211,32.689998626708984,31.969999313354492,32.20000076293945,17283400
2018-02-26,32.15999984741211,32.15999984741211,32.70000076293945,31.959999084472656,32.70000076293945,15766300
2018-02-27,31.31999969482422,31.31999969482422,32.209999084472656,31.260000228881836,31.90999984741211,16544000
2018-02-28,31.860000610351562,31.860000610351562,32.849998474121094,31.469999313354492,31.5,24180100
2018-03-01,32.2400016784668,32.2400016784668,32.560001373291016,31.260000228881836,31.950000762939453,25032500
2018-03-02,33.0,33.0,33.029998779296875,31.489999771118164,31.93000030517578,24918900
2018-03-05,34.58000183105469,34.58000183105469,34.95000076293945,32.58000183105469,32.900001525878906,34840000
2018-03-06,34.43000030517578,34.43000030517578,34.95000076293945,33.86000061035156,34.58000183105469,22641000
2018-03-07,35.7599983215332,35.7599983215332,35.81999969482422,33.9900016784668,33.9900016784668,33656100
2018-03-08,34.849998474121094,34.849998474121094,35.84000015258789,34.68000030517578,35.41999816894531,24845300
2018-03-09,35.349998474121094,35.349998474121094,35.5,34.939998626708984,35.20000076293945,19119500
2018-03-12,35.5,35.5,35.72999954223633,34.83000183105469,35.529998779296875,21078900
2018-03-13,34.11000061035156,34.11000061035156,35.529998779296875,33.900001525878906,35.400001525878906,22096900
2018-03-14,36.599998474121094,36.599998474121094,36.79999923706055,34.09000015258789,34.29999923706055,41632800
2018-03-15,35.79999923706055,35.79999923706055,36.47999954223633,35.400001525878906,36.40999984741211,20921800
2018-03-16,35.58000183105469,35.58000183105469,36.20000076293945,35.52000045776367,36.0,13833800
2018-03-19,34.97999954223633,34.97999954223633,35.7400016784668,34.40999984741211,35.130001068115234,22194800
2018-03-20,31.350000381469727,31.350000381469727,34.95000076293945,30.610000610351562,34.91999816894531,82937600
2018-03-21,32.72999954223633,32.72999954223633,33.150001525878906,32.04999923706055,32.189998626708984,43672100
2018-03-22,31.200000762939453,31.200000762939453,32.130001068115234,31.18000030517578,31.770000457763672,29561900
2018-03-23,31.030000686645508,31.030000686645508,32.0,30.790000915527344,31.260000228881836,24878100
2018-03-26,31.90999984741211,31.90999984741211,32.470001220703125,30.700000762939453,31.690000534057617,25546300
2018-03-27,28.06999969482422,28.06999969482422,31.899999618530273,27.8799991607666,31.850000381469727,80415500
2018-03-28,28.450000762939453,28.450000762939453,29.110000610351562,27.389999389648438,27.780000686645508,47853600
2018-03-29,29.010000228881836,29.010000228881836,29.329999923706055,27.899999618530273,28.760000228881836,36828400
2018-04-02,28.040000915527344,28.040000915527344,28.770000457763672,27.75,28.3700008392334,24353100
2018-04-03,27.540000915527344,27.540000915527344,28.8700008392334,27.219999313354492,28.360000610351562,26071700
2018-04-04,28.25,28.25,28.34000015258789,26.600000381469727,26.850000381469727,22002000
2018-04-05,28.639999389648438,28.639999389648438,29.329999923706055,28.100000381469727,28.510000228881836,24407300
2018-04-06,28.100000381469727,28.100000381469727,29.059999465942383,27.969999313354492,28.280000686645508,15318000
2018-04-09,28.010000228881836,28.010000228881836,28.790000915527344,28.0,28.100000381469727,13973200
2018-04-10,29.530000686645508,29.530000686645508,30.299999237060547,28.280000686645508,28.360000610351562,28667400
2018-04-11,29.389999389648438,29.389999389648438,29.829999923706055,28.729999542236328,29.459999084472656,25287900
2018-04-12,29.0,29.0,29.899999618530273,28.780000686645508,29.889999389648438,17327000
2018-04-13,28.760000228881836,28.760000228881836,29.459999084472656,28.43000030517578,29.239999771118164,12712600
2018-04-16,28.579999923706055,28.579999923706055,28.950000762939453,28.360000610351562,28.850000381469727,11505300
2018-04-17,31.84000015258789,31.84000015258789,32.060001373291016,29.43000030517578,29.450000762939453,46696000
2018-04-18,31.540000915527344,31.540000915527344,32.060001373291016,31.06999969482422,31.670000076293945,25140000
2018-04-19,31.540000915527344,31.540000915527344,32.279998779296875,30.959999084472656,31.3700008392334,22640100
2018-04-20,31.90999984741211,31.90999984741211,33.119998931884766,31.649999618530273,32.650001525878906,34819700
2018-04-23,31.219999313354492,31.219999313354492,32.619998931884766,30.850000381469727,32.5099983215332,29411000
2018-04-24,30.469999313354492,30.469999313354492,31.639999389648438,29.6299991607666,31.18000030517578,41265300
2018-04-25,29.75,29.75,32.0,28.139999389648438,31.350000381469727,93090400
2018-04-26,30.270000457763672,30.270000457763672,31.420000076293945,30.1200008392334,30.350000381469727,43784200
2018-04-27,29.0,29.0,30.31999969482422,28.59000015258789,30.170000076293945,37420100
2018-04-30,30.309999465942383,30.309999465942383,30.75,28.43000030517578,28.6200008392334,41760200
2018-05-01,30.299999237060547,30.299999237060547,31.059999465942383,29.600000381469727,30.209999084472656,30679200
2018-05-02,30.549999237060547,30.549999237060547,31.219999313354492,29.950000762939453,30.0,22481700
2018-05-03,30.670000076293945,30.670000076293945,31.020000457763672,29.969999313354492,30.209999084472656,19813500
2018-05-04,31.040000915527344,31.040000915527344,31.360000610351562,29.850000381469727,30.219999313354492,21035200
2018-05-07,31.329999923706055,31.329999923706055,31.84000015258789,30.8799991607666,31.059999465942383,18517500
2018-05-08,31.850000381469727,31.850000381469727,32.09000015258789,31.030000686645508,31.200000762939453,19581200
2018-05-09,32.459999084472656,32.459999084472656,32.790000915527344,31.940000534057617,32.06999969482422,20726500
2018-05-10,32.869998931884766,32.869998931884766,33.779998779296875,32.58000183105469,32.709999084472656,20723500
2018-05-11,32.75,32.75,33.099998474121094,32.25,32.939998626708984,14482600
2018-05-14,33.38999938964844,33.38999938964844,33.58000183105469,32.93000030517578,33.06999969482422,18007000
2018-05-15,32.75,32.75,33.16999816894531,32.36000061035156,33.16999816894531,15840800
2018-05-16,32.77000045776367,32.77000045776367,33.220001220703125,32.66999816894531,32.75,10868700
2018-05-17,32.58000183105469,32.58000183105469,33.02000045776367,32.279998779296875,32.779998779296875,10760200
2018-05-18,32.630001068115234,32.630001068115234,32.970001220703125,32.209999084472656,32.54999923706055,10618900
2018-05-21,33.630001068115234,33.630001068115234,34.029998779296875,32.900001525878906,33.02000045776367,21328400
2018-05-22,32.86000061035156,32.86000061035156,33.810001373291016,32.83000183105469,33.779998779296875,15003200
2018-05-23,33.41999816894531,33.41999816894531,33.43000030517578,32.599998474121094,32.70000076293945,13442700
2018-05-24,33.52000045776367,33.52000045776367,33.7599983215332,33.119998931884766,33.439998626708984,14491900
2018-05-25,33.630001068115234,33.630001068115234,33.9900016784668,33.310001373291016,33.540000915527344,10424400
2018-05-29,34.040000915527344,34.040000915527344,34.83000183105469,33.349998474121094,33.41999816894531,22086700
2018-05-30,34.36000061035156,34.36000061035156,34.65999984741211,34.08000183105469,34.20000076293945,14588200
2018-05-31,34.70000076293945,34.70000076293945,34.970001220703125,34.25,34.38999938964844,14433200
2018-06-01,36.650001525878906,36.650001525878906,36.689998626708984,35.09000015258789,35.13999938964844,29583100
2018-06-04,37.880001068115234,37.880001068115234,37.97999954223633,35.95000076293945,36.45000076293945,32632800
2018-06-05,39.79999923706055,39.79999923706055,40.15999984741211,39.189998626708984,39.529998779296875,66122200
2018-06-06,40.099998474121094,40.099998474121094,40.22999954223633,39.209999084472656,39.41999816894531,147805700
2018-06-07,39.70000076293945,39.70000076293945,40.15999984741211,38.63999938964844,40.13999938964844,41573400
2018-06-08,41.209999084472656,41.209999084472656,41.2599983215332,39.41999816894531,39.4900016784668,34538900
2018-06-11,41.41999816894531,41.41999816894531,41.689998626708984,40.65999984741211,41.41999816894531,24605300
2018-06-12,43.4900016784668,43.4900016784668,44.33000183105469,42.40999984741211,42.470001220703125,51155000
2018-06-13,44.06999969482422,44.06999969482422,44.54999923706055,43.41999816894531,44.2400016784668,35169200
2018-06-14,46.7599983215332,46.7599983215332,46.79999923706055,44.5,44.54999923706055,50949100
2018-06-15,45.79999923706055,45.79999923706055,47.790000915527344,45.63999938964844,46.619998931884766,51489600
2018-06-18,46.0,46.0,46.2599983215332,44.5,45.34000015258789,26025600
2018-06-19,44.95000076293945,44.95000076293945,45.709999084472656,43.56999969482422,45.189998626708984,39252000
2018-06-20,46.130001068115234,46.130001068115234,46.91999816894531,45.439998626708984,45.560001373291016,31230200
2018-06-21,45.2400016784668,45.2400016784668,46.869998931884766,44.20000076293945,46.36000061035156,32200300
2018-06-22,45.880001068115234,45.880001068115234,46.0099983215332,44.5,45.58000183105469,28628900
2018-06-25,44.16999816894531,44.16999816894531,45.52000045776367,43.33000183105469,45.470001220703125,31379300
2018-06-26,44.84000015258789,44.84000015258789,45.31999969482422,43.5099983215332,44.36000061035156,20194100
2018-06-27,43.70000076293945,43.70000076293945,46.220001220703125,43.68000030517578,45.5,25875500
2018-06-28,44.790000915527344,44.790000915527344,44.84000015258789,42.4900016784668,43.650001525878906,18911200
2018-06-29,43.66999816894531,43.66999816894531,45.20000076293945,43.560001373291016,45.04999923706055,24392900
2018-07-02,44.97999954223633,44.97999954223633,45.0,42.75,43.060001373291016,16703600
2018-07-03,43.88999938964844,43.88999938964844,45.47999954223633,43.79999923706055,45.36000061035156,14237500
2018-07-05,45.060001373291016,45.060001373291016,45.11000061035156,43.54999923706055,44.06999969482422,16172000
2018-07-06,46.650001525878906,46.650001525878906,46.75,44.61000061035156,44.90999984741211,23740700
2018-07-09,44.13999938964844,44.13999938964844,46.900001525878906,42.08000183105469,46.7400016784668,107582400
2018-07-10,43.75,43.75,45.2599983215332,43.630001068115234,44.20000076293945,38467400
2018-07-11,43.869998931884766,43.869998931884766,44.099998474121094,42.220001220703125,42.630001068115234,35100100
2018-07-12,45.2599983215332,45.2599983215332,45.34000015258789,44.36000061035156,44.79999923706055,27078500
2018-07-13,44.4900016784668,44.4900016784668,45.31999969482422,43.93000030517578,45.279998779296875,16426700
2018-07-16,44.2599983215332,44.2599983215332,44.72999954223633,43.90999984741211,44.29999923706055,13012800
2018-07-17,44.709999084472656,44.709999084472656,45.2599983215332,43.150001525878906,43.59000015258789,20122300
2018-07-18,43.34000015258789,43.34000015258789,44.75,42.7400016784668,44.189998626708984,26536800
2018-07-19,43.439998626708984,43.439998626708984,43.869998931884766,43.11000061035156,43.27000045776367,13366800
2018-07-20,43.41999816894531,43.41999816894531,44.130001068115234,43.22999954223633,43.5,10437700
2018-07-23,43.310001373291016,43.310001373291016,43.849998474121094,42.400001525878906,43.45000076293945,15251200
2018-07-24,42.16999816894531,42.16999816894531,43.79999923706055,41.59000015258789,43.77000045776367,22433900
2018-07-25,44.220001220703125,44.220001220703125,44.38999938964844,42.349998474121094,42.349998474121094,25140700
2018-07-26,42.939998626708984,42.939998626708984,43.40999984741211,42.13999938964844,42.869998931884766,30018700
2018-07-27,34.119998931884766,34.119998931884766,37.470001220703125,33.900001525878906,37.25,122752800
2018-07-30,31.3799991607666,31.3799991607666,34.2599983215332,31.06999969482422,34.16999816894531,77852400
2018-07-31,31.8700008392334,31.8700008392334,32.47999954223633,31.06999969482422,31.950000762939453,64392200
2018-08-01,31.90999984741211,31.90999984741211,32.59000015258789,31.459999084472656,32.25,33231700
2018-08-02,32.81999969482422,32.81999969482422,32.869998931884766,31.34000015258789,31.579999923706055,27088000
2018-08-03,31.959999084472656,31.959999084472656,32.9900016784668,31.799999237060547,32.58000183105469,26317000
2018-08-06,32.97999954223633,32.97999954223633,33.040000915527344,31.450000762939453,31.81999969482422,27512400
2018-08-07,32.66999816894531,32.66999816894531,33.61000061035156,32.54999923706055,33.099998474121094,24635600
2018-08-08,31.84000015258789,31.84000015258789,32.779998779296875,31.809999465942383,32.75,22539400
2018-08-09,31.959999084472656,31.959999084472656,32.380001068115234,31.610000610351562,31.850000381469727,17662100
2018-08-10,32.0099983215332,32.0099983215332,32.25,31.469999313354492,31.649999618530273,16073900
2018-08-13,32.79999923706055,32.79999923706055,33.619998931884766,32.02000045776367,32.040000915527344,44235300
2018-08-14,33.189998626708984,33.189998626708984,33.43000030517578,32.52000045776367,33.400001525878906,26442600
2018-08-15,32.380001068115234,32.380001068115234,33.22999954223633,31.950000762939453,32.810001373291016,26433400
2018-08-16,32.83000183105469,32.83000183105469,33.150001525878906,32.41999816894531,32.70000076293945,20873200
2018-08-17,32.72999954223633,32.72999954223633,33.09000015258789,32.34000015258789,32.7400016784668,14874600
2018-08-20,32.599998474121094,32.599998474121094,32.939998626708984,32.20000076293945,32.790000915527344,16535700
2018-08-21,33.689998626708984,33.689998626708984,34.13999938964844,32.599998474121094,32.75,29575700
2018-08-22,33.810001373291016,33.810001373291016,34.16999816894531,33.349998474121094,33.45000076293945,18576300
2018-08-23,33.880001068115234,33.880001068115234,34.7400016784668,33.720001220703125,33.900001525878906,25746300
2018-08-24,34.279998779296875,34.279998779296875,34.4900016784668,33.93000030517578,34.0,15214000
2018-08-27,35.88999938964844,35.88999938964844,36.0,34.47999954223633,34.65999984741211,28306300
2018-08-28,35.4900016784668,35.4900016784668,36.040000915527344,34.88999938964844,35.97999954223633,22281600
2018-08-29,35.349998474121094,35.349998474121094,35.599998474121094,34.810001373291016,35.40999984741211,17697200
2018-08-30,35.63999938964844,35.63999938964844,36.150001525878906,35.209999084472656,35.27000045776367,19217200
2018-08-31,35.18000030517578,35.18000030517578,35.720001220703125,34.59000015258789,35.56999969482422,19073900
2018-09-04,34.84000015258789,34.84000015258789,35.130001068115234,34.47999954223633,34.75,13567600
2018-09-05,32.72999954223633,32.72999954223633,34.70000076293945,32.5099983215332,34.650001525878906,36051100
2018-09-06,30.809999465942383,30.809999465942383,32.95000076293945,30.6200008392334,32.86000061035156,36023600
2018-09-07,30.489999771118164,30.489999771118164,31.389999389648438,29.81999969482422,30.309999465942383,31484200
2018-09-10,30.540000915527344,30.540000915527344,30.600000381469727,29.950000762939453,30.5,17805800
2018-09-11,30.889999389648438,30.889999389648438,31.440000534057617,30.350000381469727,30.440000534057617,16000100
2018-09-12,29.75,29.75,30.829999923706055,29.25,30.610000610351562,29845200
2018-09-13,30.389999389648438,30.389999389648438,30.56999969482422,29.860000610351562,30.100000381469727,18522500
2018-09-14,30.1200008392334,30.1200008392334,30.770000457763672,30.059999465942383,30.450000762939453,13474700
2018-09-17,28.860000610351562,28.860000610351562,29.280000686645508,28.43000030517578,29.049999237060547,30592300
2018-09-18,29.219999313354492,29.219999313354492,29.6299991607666,28.75,28.84000015258789,15856800
2018-09-19,29.520000457763672,29.520000457763672,29.559999465942383,28.81999969482422,29.149999618530273,16023500
2018-09-20,29.850000381469727,29.850000381469727,30.020000457763672,29.239999771118164,29.700000762939453,15378000
2018-09-21,28.5,28.5,29.950000762939453,28.489999771118164,29.860000610351562,43122600
2018-09-24,28.600000381469727,28.600000381469727,29.1200008392334,27.93000030517578,28.329999923706055,20249000
2018-09-25,29.110000610351562,29.110000610351562,29.239999771118164,28.440000534057617,28.75,16130300
2018-09-26,29.010000228881836,29.010000228881836,29.450000762939453,28.799999237060547,29.200000762939453,12742100
2018-09-27,29.420000076293945,29.420000076293945,29.690000534057617,28.8799991607666,29.059999465942383,14830500
2018-09-28,28.459999084472656,28.459999084472656,29.280000686645508,28.40999984741211,29.25,22719600
2018-10-01,28.309999465942383,28.309999465942383,28.700000762939453,28.0,28.510000228881836,20538900
2018-10-02,28.190000534057617,28.190000534057617,28.6200008392334,27.90999984741211,28.139999389648438,17714400
2018-10-03,29.010000228881836,29.010000228881836,29.1200008392334,28.25,28.3799991607666,19358700
2018-10-04,28.229999542236328,28.229999542236328,28.760000228881836,27.8700008392334,28.75,21120400
2018-10-05,28.389999389648438,28.389999389648438,28.959999084472656,27.969999313354492,28.34000015258789,28996100
2018-10-08,28.450000762939453,28.450000762939453,28.940000534057617,27.719999313354492,28.209999084472656,22114400
2018-10-09,29.270000457763672,29.270000457763672,29.56999969482422,28.34000015258789,28.700000762939453,22749300
2018-10-10,26.790000915527344,26.790000915527344,29.1200008392334,26.760000228881836,29.1200008392334,40399400
2018-10-11,27.0,27.0,27.579999923706055,26.190000534057617,26.350000381469727,33065300
2018-10-12,27.989999771118164,27.989999771118164,28.170000076293945,27.260000228881836,28.09000015258789,27127500
2018-10-15,28.610000610351562,28.610000610351562,29.049999237060547,27.59000015258789,27.850000381469727,20225200
2018-10-16,29.8700008392334,29.8700008392334,29.889999389648438,28.84000015258789,29.100000381469727,18443000
2018-10-17,29.549999237060547,29.549999237060547,30.139999389648438,28.959999084472656,29.950000762939453,19379400
2018-10-18,29.290000915527344,29.290000915527344,30.239999771118164,28.979999542236328,29.399999618530273,24174300
2018-10-19,28.829999923706055,28.829999923706055,29.790000915527344,28.68000030517578,29.329999923706055,20112900
2018-10-22,29.18000030517578,29.18000030517578,29.280000686645508,28.309999465942383,29.049999237060547,21719400
2018-10-23,28.770000457763672,28.770000457763672,29.020000457763672,28.06999969482422,28.479999542236328,26503600
2018-10-24,27.540000915527344,27.540000915527344,29.770000457763672,27.309999465942383,28.850000381469727,37910200
2018-10-25,31.799999237060547,31.799999237060547,33.66999816894531,30.760000228881836,31.31999969482422,79251000
2018-10-26,32.36000061035156,32.36000061035156,33.13999938964844,30.940000534057617,31.200000762939453,47747000
2018-10-29,32.38999938964844,32.38999938964844,33.75,31.6200008392334,32.459999084472656,40899900
2018-10-30,33.86000061035156,33.86000061035156,34.54999923706055,31.299999237060547,31.770000457763672,43678200
2018-10-31,34.75,34.75,35.63999938964844,34.349998474121094,34.369998931884766,33063700
2018-11-01,34.619998931884766,34.619998931884766,34.90999984741211,33.81999969482422,34.599998474121094,27498000
2018-11-02,34.29999923706055,34.29999923706055,35.349998474121094,33.849998474121094,34.869998931884766,23994800
2018-11-05,34.02000045776367,34.02000045776367,34.279998779296875,33.369998931884766,34.2599983215332,18214300
2018-11-06,34.41999816894531,34.41999816894531,34.810001373291016,33.84000015258789,33.959999084472656,15508300
2018-11-07,34.9900016784668,34.9900016784668,35.119998931884766,34.380001068115234,34.75,16802100
2018-11-08,34.18000030517578,34.18000030517578,34.9900016784668,33.869998931884766,34.880001068115234,15146400
2018-11-09,34.08000183105469,34.08000183105469,34.41999816894531,33.38999938964844,33.75,16034700
2018-11-12,32.0099983215332,32.0099983215332,34.099998474121094,31.780000686645508,34.0,18147500
2018-11-13,32.4900016784668,32.4900016784668,32.849998474121094,31.469999313354492,32.2400016784668,17206300
2018-11-14,32.90999984741211,32.90999984741211,33.849998474121094,32.75,32.88999938964844,19448700
2018-11-15,33.150001525878906,33.150001525878906,33.36000061035156,32.619998931884766,32.790000915527344,16824800
2018-11-16,33.66999816894531,33.66999816894531,33.91999816894531,32.599998474121094,32.83000183105469,17904100
2018-11-19,31.979999542236328,31.979999542236328,33.599998474121094,31.84000015258789,33.560001373291016,15745000
2018-11-20,31.059999465942383,31.059999465942383,31.739999771118164,29.940000534057617,29.969999313354492,20927600
2018-11-21,31.610000610351562,31.610000610351562,32.08000183105469,31.100000381469727,31.670000076293945,16466900
2018-11-23,31.1200008392334,31.1200008392334,31.959999084472656,31.110000610351562,31.299999237060547,5813900
2018-11-26,32.81999969482422,32.81999969482422,32.869998931884766,31.520000457763672,31.600000381469727,17096000
2018-11-27,32.61000061035156,32.61000061035156,33.099998474121094,32.36000061035156,32.439998626708984,10727400
2018-11-28,32.72999954223633,32.72999954223633,33.0,31.719999313354492,33.0,19073300
2018-11-29,31.299999237060547,31.299999237060547,32.540000915527344,29.8700008392334,32.459999084472656,50505700
2018-11-30,31.450000762939453,31.450000762939453,31.549999237060547,30.110000610351562,31.149999618530273,25833200
2018-12-03,33.65999984741211,33.65999984741211,33.849998474121094,32.209999084472656,32.2400016784668,24027100
2018-12-04,32.560001373291016,32.560001373291016,34.15999984741211,32.5,33.279998779296875,22472000
2018-12-06,32.959999084472656,32.959999084472656,32.970001220703125,31.110000610351562,32.459999084472656,25922800
2018-12-07,32.83000183105469,32.83000183105469,34.369998931884766,32.66999816894531,32.84000015258789,29497100
2018-12-10,33.43000030517578,33.43000030517578,33.63999938964844,32.2599983215332,32.72999954223633,19971100
2018-12-11,34.45000076293945,34.45000076293945,35.75,33.880001068115234,34.130001068115234,30118600
2018-12-12,36.25,36.25,37.13999938964844,34.849998474121094,34.970001220703125,32608500
2018-12-13,35.88999938964844,35.88999938964844,36.4900016784668,35.29999923706055,36.400001525878906,22831600
2018-12-14,35.869998931884766,35.869998931884766,36.619998931884766,35.04999923706055,35.25,19528500
2018-12-17,33.43000030517578,33.43000030517578,35.70000076293945,33.20000076293945,35.68000030517578,23880900
2018-12-18,33.7400016784668,33.7400016784668,34.16999816894531,33.08000183105469,33.630001068115234,18885100
2018-12-19,32.93000030517578,32.93000030517578,34.70000076293945,32.65999984741211,33.709999084472656,24784300
2018-12-20,29.290000915527344,29.290000915527344,32.720001220703125,28.510000228881836,32.59000015258789,51983000
2018-12-21,27.309999465942383,27.309999465942383,29.760000228881836,27.040000915527344,29.309999465942383,38714100
2018-12-24,26.450000762939453,26.450000762939453,27.270000457763672,26.260000228881836,26.549999237060547,18208300
2018-12-26,28.65999984741211,28.65999984741211,28.700000762939453,26.799999237060547,27.0,35529600
2018-12-27,28.68000030517578,28.68000030517578,28.920000076293945,27.260000228881836,28.139999389648438,31987700
2018-12-28,28.43000030517578,28.43000030517578,29.139999389648438,27.84000015258789,28.93000030517578,21820500
2018-12-31,28.739999771118164,28.739999771118164,29.1299991607666,28.34000015258789,28.600000381469727,15975000
2019-01-02,28.809999465942383,28.809999465942383,28.989999771118164,27.8700008392334,28.260000228881836,15053700
2019-01-03,27.989999771118164,27.989999771118164,29.18000030517578,27.940000534057617,28.3799991607666,19051700
2019-01-04,29.950000762939453,29.950000762939453,30.100000381469727,28.309999465942383,28.389999389648438,23412600
2019-01-07,31.34000015258789,31.34000015258789,31.3799991607666,29.770000457763672,30.200000762939453,19917800
2019-01-08,31.799999237060547,31.799999237060547,32.04999923706055,30.90999984741211,31.700000762939453,18915200
2019-01-09,32.25,32.25,32.400001525878906,31.540000915527344,31.799999237060547,14554400
2019-01-10,33.09000015258789,33.09000015258789,33.5,32.2599983215332,33.08000183105469,30504500
2019-01-11,32.869998931884766,32.869998931884766,33.20000076293945,32.43000030517578,32.849998474121094,17732300
2019-01-14,32.369998931884766,32.369998931884766,32.75,32.119998931884766,32.380001068115234,9523000
2019-01-15,33.02000045776367,33.02000045776367,33.349998474121094,32.45000076293945,32.5099983215332,13548200
2019-01-16,32.470001220703125,32.470001220703125,33.29999923706055,32.439998626708984,33.099998474121094,10130200
2019-01-17,32.849998474121094,32.849998474121094,33.09000015258789,32.38999938964844,32.470001220703125,12059700
2019-01-18,33.27000045776367,33.27000045776367,33.88999938964844,32.77000045776367,33.04999923706055,16776800
2019-01-22,32.25,32.25,33.349998474121094,31.93000030517578,32.970001220703125,17780800
2019-01-23,30.969999313354492,30.969999313354492,32.45000076293945,30.719999313354492,32.2599983215332,21084400
2019-01-24,31.610000610351562,31.610000610351562,31.729999542236328,30.90999984741211,30.940000534057617,12470400
2019-01-25,32.900001525878906,32.900001525878906,33.619998931884766,31.979999542236328,31.989999771118164,22513700
2019-01-28,33.130001068115234,33.130001068115234,33.20000076293945,32.119998931884766,32.650001525878906,21750800
2019-01-29,31.639999389648438,31.639999389648438,33.54999923706055,31.459999084472656,33.33000183105469,18849800
2019-01-30,32.2599983215332,32.2599983215332,32.380001068115234,31.420000076293945,32.040000915527344,17142500
2019-01-31,33.560001373291016,33.560001373291016,33.689998626708984,32.790000915527344,33.06999969482422,21211300
2019-02-01,33.189998626708984,33.189998626708984,34.09000015258789,32.959999084472656,33.560001373291016,18816600
2019-02-04,33.939998626708984,33.939998626708984,34.18000030517578,33.2400016784668,33.34000015258789,14244100
2019-02-05,34.369998931884766,34.369998931884766,34.56999969482422,33.91999816894531,34.290000915527344,17610200
2019-02-06,34.15999984741211,34.15999984741211,35.25,33.75,35.04999923706055,34058000
2019-02-07,30.799999237060547,30.799999237060547,31.729999542236328,30.309999465942383,31.170000076293945,69764100
2019-02-08,30.010000228881836,30.010000228881836,30.739999771118164,29.420000076293945,30.469999313354492,40669800
2019-02-11,30.229999542236328,30.229999542236328,30.440000534057617,29.65999984741211,30.170000076293945,28838200
2019-02-12,30.389999389648438,30.389999389648438,30.799999237060547,30.229999542236328,30.440000534057617,20315300
2019-02-13,31.1200008392334,31.1200008392334,31.84000015258789,30.549999237060547,30.56999969482422,29683300
2019-02-14,30.959999084472656,30.959999084472656,31.280000686645508,30.600000381469727,30.860000610351562,15321100
2019-02-15,31.229999542236328,31.229999542236328,31.799999237060547,30.969999313354492,31.200000762939453,17591500
2019-02-19,31.649999618530273,31.649999618530273,32.11000061035156,31.149999618530273,31.229999542236328,14391700
2019-02-20,31.3700008392334,31.3700008392334,31.93000030517578,31.209999084472656,31.709999084472656,16871100
2019-02-21,30.760000228881836,30.760000228881836,31.479999542236328,30.600000381469727,31.360000610351562,13944900
2019-02-22,31.709999084472656,31.709999084472656,31.729999542236328,30.809999465942383,30.809999465942383,15413400
2019-02-25,31.989999771118164,31.989999771118164,32.709999084472656,31.8799991607666,31.989999771118164,15061300
2019-02-26,31.010000228881836,31.010000228881836,31.959999084472656,30.989999771118164,31.889999389648438,17519100
2019-02-27,30.40999984741211,30.40999984741211,31.0,29.899999618530273,30.950000762939453,24639100
2019-02-28,30.780000686645508,30.780000686645508,30.790000915527344,30.010000228881836,30.25,15242900
2019-03-01,30.6200008392334,30.6200008392334,31.190000534057617,30.280000686645508,31.170000076293945,12360700
2019-03-04,30.5,30.5,31.260000228881836,30.06999969482422,30.780000686645508,15920400
2019-03-05,31.030000686645508,31.030000686645508,31.229999542236328,30.389999389648438,30.5,13073500
2019-03-06,30.799999237060547,30.799999237060547,31.34000015258789,30.59000015258789,30.940000534057617,10938600
2019-03-07,30.1200008392334,30.1200008392334,30.84000015258789,30.010000228881836,30.760000228881836,15779900
2019-03-08,30.040000915527344,30.040000915527344,30.209999084472656,29.40999984741211,29.639999389648438,11964300
2019-03-11,30.8700008392334,30.8700008392334,30.90999984741211,30.239999771118164,30.239999771118164,16013200
2019-03-12,31.15999984741211,31.15999984741211,31.40999984741211,30.889999389648438,31.149999618530273,12324300
2019-03-13,31.299999237060547,31.299999237060547,31.479999542236328,31.040000915527344,31.309999465942383,10201300
2019-03-14,31.030000686645508,31.030000686645508,31.549999237060547,30.940000534057617,31.280000686645508,12090600
2019-03-15,31.219999313354492,31.219999313354492,31.40999984741211,30.709999084472656,31.040000915527344,17522700
2019-03-18,31.079999923706055,31.079999923706055,31.579999923706055,30.84000015258789,31.25,13172600
2019-03-19,31.270000457763672,31.270000457763672,31.5,30.8799991607666,31.149999618530273,15557400
2019-03-20,32.56999969482422,32.56999969482422,32.650001525878906,31.15999984741211,31.239999771118164,22373800
2019-03-21,32.61000061035156,32.61000061035156,32.689998626708984,32.029998779296875,32.310001373291016,13346900
2019-03-22,33.02000045776367,33.02000045776367,34.209999084472656,32.34000015258789,32.5,28034700
2019-03-25,32.59000015258789,32.59000015258789,33.29999923706055,32.279998779296875,32.83000183105469,15272300
2019-03-26,33.060001373291016,33.060001373291016,33.86000061035156,32.91999816894531,32.97999954223633,17252300
2019-03-27,32.279998779296875,32.279998779296875,33.45000076293945,31.950000762939453,32.93000030517578,13669400
2019-03-28,32.869998931884766,32.869998931884766,32.93000030517578,31.729999542236328,32.290000915527344,17750600
2019-03-29,32.880001068115234,32.880001068115234,33.2400016784668,32.470001220703125,33.099998474121094,13529300
2019-04-01,33.439998626708984,33.439998626708984,33.68000030517578,32.70000076293945,33.15999984741211,12499700
2019-04-02,33.75,33.75,33.88999938964844,33.22999954223633,33.439998626708984,11638000
2019-04-03,34.380001068115234,34.380001068115234,34.7599983215332,33.810001373291016,34.0,18041000
2019-04-04,34.41999816894531,34.41999816894531,35.13999938964844,33.900001525878906,34.70000076293945,14604100
2019-04-05,34.720001220703125,34.720001220703125,34.79999923706055,34.369998931884766,34.54999923706055,9571700
2019-04-08,34.86000061035156,34.86000061035156,35.060001373291016,34.5099983215332,34.790000915527344,10655000
2019-04-09,35.13999938964844,35.13999938964844,35.38999938964844,34.810001373291016,34.84000015258789,13889700
2019-04-10,34.75,34.75,35.27000045776367,34.5099983215332,35.2599983215332,11648800
2019-04-11,34.58000183105469,34.58000183105469,34.869998931884766,34.40999984741211,34.75,10982700
2019-04-12,34.369998931884766,34.369998931884766,34.83000183105469,34.11000061035156,34.66999816894531,12713800
2019-04-15,34.709999084472656,34.709999084472656,35.029998779296875,34.34000015258789,34.380001068115234,10248400
2019-04-16,34.459999084472656,34.459999084472656,34.9900016784668,34.22999954223633,34.84000015258789,9396300
2019-04-17,34.47999954223633,34.47999954223633,34.900001525878906,34.20000076293945,34.72999954223633,9023000
2019-04-18,34.400001525878906,34.400001525878906,34.86000061035156,34.31999969482422,34.66999816894531,9806100
2019-04-22,34.38999938964844,34.38999938964844,34.619998931884766,33.81999969482422,34.400001525878906,19704300
2019-04-23,39.77000045776367,39.77000045776367,40.529998779296875,36.90999984741211,36.93000030517578,104262500
2019-04-24,39.290000915527344,39.290000915527344,39.95000076293945,38.79999923706055,39.86000061035156,30266900
2019-04-25,38.47999954223633,38.47999954223633,40.130001068115234,38.189998626708984,39.2599983215332,26044800
2019-04-26,38.66999816894531,38.66999816894531,39.34000015258789,38.18000030517578,38.59000015258789,15270500
2019-04-29,39.779998779296875,39.779998779296875,39.970001220703125,38.630001068115234,38.630001068115234,19680000
2019-04-30,39.90999984741211,39.90999984741211,40.91999816894531,39.650001525878906,39.790000915527344,22912000
2019-05-01,39.290000915527344,39.290000915527344,40.06999969482422,39.2599983215332,40.0,14962600
2019-05-02,39.95000076293945,39.95000076293945,40.0,38.84000015258789,39.2400016784668,13419100
2019-05-03,40.79999923706055,40.79999923706055,40.81999969482422,39.959999084472656,40.47999954223633,15577100
2019-05-06,40.22999954223633,40.22999954223633,40.439998626708984,39.45000076293945,39.689998626708984,14517400
2019-05-07,38.619998931884766,38.619998931884766,40.150001525878906,38.119998931884766,39.900001525878906,19283100
2019-05-08,38.58000183105469,38.58000183105469,39.150001525878906,38.33000183105469,38.45000076293945,9168400
2019-05-09,38.790000915527344,38.790000915527344,39.02000045776367,37.81999969482422,38.11000061035156,10010700
2019-05-10,38.45000076293945,38.45000076293945,39.15999984741211,37.86000061035156,38.68000030517578,12259000
2019-05-13,36.59000015258789,36.59000015258789,37.63999938964844,36.369998931884766,37.5,16829700
2019-05-14,36.93000030517578,36.93000030517578,37.52000045776367,36.599998474121094,37.040000915527344,11125100
2019-05-15,37.900001525878906,37.900001525878906,38.13999938964844,36.63999938964844,36.66999816894531,11523100
2019-05-16,38.29999923706055,38.29999923706055,38.720001220703125,38.04999923706055,38.11000061035156,10104400
2019-05-17,37.5,37.5,38.130001068115234,37.470001220703125,37.83000183105469,9090300
2019-05-20,37.150001525878906,37.150001525878906,37.72999954223633,36.91999816894531,37.119998931884766,9411900
2019-05-21,37.470001220703125,37.470001220703125,37.86000061035156,37.33000183105469,37.470001220703125,8861400
2019-05-22,38.58000183105469,38.58000183105469,39.31999969482422,37.2400016784668,37.40999984741211,21105400
2019-05-23,37.189998626708984,37.189998626708984,38.290000915527344,36.79999923706055,38.150001525878906,18398800
2019-05-24,37.40999984741211,37.40999984741211,37.849998474121094,37.27000045776367,37.470001220703125,9303900
2019-05-28,37.290000915527344,37.290000915527344,38.040000915527344,37.22999954223633,37.40999984741211,11770300
2019-05-29,36.849998474121094,36.849998474121094,37.400001525878906,36.52000045776367,37.02000045776367,12270300
2019-05-30,37.13999938964844,37.13999938964844,37.290000915527344,36.599998474121094,37.0,7413100
2019-05-31,36.439998626708984,36.439998626708984,36.959999084472656,36.29999923706055,36.619998931884766,8556100
2019-06-03,34.43000030517578,34.43000030517578,36.900001525878906,34.040000915527344,36.45000076293945,22217100
2019-06-04,36.099998474121094,36.099998474121094,36.150001525878906,34.970001220703125,35.18000030517578,15357100
2019-06-05,36.33000183105469,36.33000183105469,36.709999084472656,35.95000076293945,36.5,12798700
2019-06-06,36.59000015258789,36.59000015258789,36.75,35.959999084472656,36.2599983215332,8863000
2019-06-07,37.93000030517578,37.93000030517578,38.310001373291016,36.79999923706055,36.869998931884766,15399700
2019-06-10,37.63999938964844,37.63999938964844,38.63999938964844,37.619998931884766,38.349998474121094,10036400
2019-06-11,37.209999084472656,37.209999084472656,38.2599983215332,36.849998474121094,38.09000015258789,9528600
2019-06-12,37.4900016784668,37.4900016784668,37.619998931884766,37.04999923706055,37.130001068115234,6793300
2019-06-13,36.34000015258789,36.34000015258789,37.040000915527344,35.7599983215332,37.040000915527344,21679400
2019-06-14,36.150001525878906,36.150001525878906,36.4900016784668,36.040000915527344,36.36000061035156,7791100
2019-06-17,36.439998626708984,36.439998626708984,36.68000030517578,36.11000061035156,36.2599983215332,7896000
2019-06-18,36.650001525878906,36.650001525878906,37.5099983215332,36.54999923706055,36.709999084472656,12705500
2019-06-19,36.290000915527344,36.290000915527344,36.68000030517578,35.810001373291016,36.630001068115234,12059700
2019-06-20,35.439998626708984,35.439998626708984,36.650001525878906,35.33000183105469,36.349998474121094,19676100
2019-06-21,35.02000045776367,35.02000045776367,35.75,34.9900016784668,35.5,12853600
2019-06-24,35.58000183105469,35.58000183105469,35.66999816894531,34.81999969482422,35.189998626708984,9216800
2019-06-25,34.720001220703125,34.720001220703125,35.72999954223633,34.56999969482422,35.52000045776367,11196400
2019-06-26,35.220001220703125,35.220001220703125,35.380001068115234,34.91999816894531,34.97999954223633,8744800
2019-06-27,34.75,34.75,35.63999938964844,34.61000061035156,35.439998626708984,12655900
2019-06-28,34.900001525878906,34.900001525878906,34.9900016784668,34.279998779296875,34.75,15505300
2019-07-01,36.08000183105469,36.08000183105469,36.25,35.220001220703125,35.5,14416800
2019-07-02,36.220001220703125,36.220001220703125,36.599998474121094,35.88999938964844,36.16999816894531,8393200
2019-07-03,36.02000045776367,36.02000045776367,36.38999938964844,35.939998626708984,36.290000915527344,5372600
2019-07-05,36.25,36.25,36.349998474121094,35.599998474121094,36.0,6084800
2019-07-08,36.45000076293945,36.45000076293945,36.63999938964844,35.869998931884766,36.040000915527344,8058100
2019-07-09,37.650001525878906,37.650001525878906,37.66999816894531,36.290000915527344,36.349998474121094,14218000
2019-07-10,37.470001220703125,37.470001220703125,38.029998779296875,36.880001068115234,37.900001525878906,11831800
2019-07-11,37.209999084472656,37.209999084472656,37.869998931884766,36.970001220703125,37.65999984741211,8549500
2019-07-12,37.84000015258789,37.84000015258789,37.900001525878906,37.16999816894531,37.369998931884766,8048700
2019-07-15,38.68000030517578,38.68000030517578,38.970001220703125,37.939998626708984,38.0,12738700
2019-07-16,37.9900016784668,37.9900016784668,38.790000915527344,37.81999969482422,38.779998779296875,10979600
2019-07-17,37.70000076293945,37.70000076293945,38.22999954223633,37.560001373291016,37.86000061035156,7926600
2019-07-18,37.65999984741211,37.65999984741211,37.79999923706055,37.0,37.38999938964844,11125900
2019-07-19,36.77000045776367,36.77000045776367,38.09000015258789,36.72999954223633,37.959999084472656,10842400
2019-07-22,37.58000183105469,37.58000183105469,37.689998626708984,36.83000183105469,36.91999816894531,8405600
2019-07-23,37.900001525878906,37.900001525878906,38.02000045776367,36.81999969482422,37.869998931884766,10741500
2019-07-24,38.72999954223633,38.72999954223633,38.79999923706055,37.7599983215332,38.0,12488500
2019-07-25,38.119998931884766,38.119998931884766,39.22999954223633,37.90999984741211,39.0,21255400
2019-07-26,41.52000045776367,41.52000045776367,42.33000183105469,40.0,40.06999969482422,57527600
2019-07-29,41.5,41.5,42.220001220703125,40.900001525878906,41.5,21170600
2019-07-30,41.0,41.0,41.720001220703125,40.81999969482422,41.08000183105469,15670600
2019-07-31,42.310001373291016,42.310001373291016,43.2400016784668,41.0099983215332,41.08000183105469,29745300
2019-08-01,42.08000183105469,42.08000183105469,43.47999954223633,41.720001220703125,42.540000915527344,22883600
2019-08-02,42.849998474121094,42.849998474121094,43.040000915527344,41.59000015258789,41.81999969482422,20617200
2019-08-05,40.369998931884766,40.369998931884766,42.0,39.619998931884766,41.58000183105469,23081000
2019-08-06,41.31999969482422,41.31999969482422,41.63999938964844,40.779998779296875,40.91999816894531,15077900
2019-08-07,41.72999954223633,41.72999954223633,41.900001525878906,40.33000183105469,40.5099983215332,15427600
2019-08-08,42.06999969482422,42.06999969482422,42.349998474121094,41.36000061035156,42.11000061035156,14684600
2019-08-09,41.529998779296875,41.529998779296875,41.970001220703125,40.939998626708984,41.779998779296875,11419600
2019-08-12,40.47999954223633,40.47999954223633,41.47999954223633,40.38999938964844,41.099998474121094,6934500
2019-08-13,41.810001373291016,41.810001373291016,41.86000061035156,40.380001068115234,40.40999984741211,12429900
2019-08-14,40.650001525878906,40.650001525878906,41.25,40.38999938964844,41.029998779296875,11638700
2019-08-15,40.09000015258789,40.09000015258789,41.04999923706055,39.779998779296875,40.900001525878906,12583100
2019-08-16,40.58000183105469,40.58000183105469,40.650001525878906,40.11000061035156,40.29999923706055,7998800
2019-08-19,41.70000076293945,41.70000076293945,41.880001068115234,41.04999923706055,41.099998474121094,10276500
2019-08-20,42.290000915527344,42.290000915527344,42.849998474121094,41.380001068115234,41.63999938964844,11356700
2019-08-21,42.79999923706055,42.79999923706055,43.279998779296875,42.36000061035156,42.83000183105469,12018600
2019-08-22,42.18000030517578,42.18000030517578,43.08000183105469,41.59000015258789,42.849998474121094,8277000
2019-08-23,41.0,41.0,42.689998626708984,40.810001373291016,41.81999969482422,14036200
2019-08-26,41.439998626708984,41.439998626708984,41.47999954223633,41.0,41.400001525878906,6403600
2019-08-27,42.13999938964844,42.13999938964844,42.689998626708984,41.529998779296875,42.0099983215332,16087500
2019-08-28,41.68000030517578,41.68000030517578,42.20000076293945,41.29999923706055,41.75,10418400
2019-08-29,42.4900016784668,42.4900016784668,42.650001525878906,41.81999969482422,42.25,10594400
2019-08-30,42.650001525878906,42.650001525878906,42.70000076293945,41.900001525878906,42.70000076293945,8863600
2019-09-03,41.959999084472656,41.959999084472656,43.77000045776367,41.63999938964844,42.380001068115234,16159600
2019-09-04,43.36000061035156,43.36000061035156,43.400001525878906,42.11000061035156,42.4900016784668,11567900
2019-09-05,45.29999923706055,45.29999923706055,45.33000183105469,43.619998931884766,43.779998779296875,19319800
2019-09-06,45.41999816894531,45.41999816894531,45.68000030517578,44.560001373291016,45.220001220703125,13108500
2019-09-09,44.2599983215332,44.2599983215332,45.86000061035156,43.84000015258789,45.599998474121094,14547400
2019-09-10,43.25,43.25,43.95000076293945,42.5099983215332,43.900001525878906,14040100
2019-09-11,43.25,43.25,43.779998779296875,43.04999923706055,43.54999923706055,7560300
2019-09-12,43.20000076293945,43.20000076293945,44.11000061035156,43.11000061035156,43.7599983215332,8251700
2019-09-13,42.630001068115234,42.630001068115234,43.20000076293945,42.33000183105469,43.150001525878906,8059600
2019-09-16,42.7599983215332,42.7599983215332,43.06999969482422,42.189998626708984,42.400001525878906,6187900
2019-09-17,43.2400016784668,43.2400016784668,43.59000015258789,42.880001068115234,42.900001525878906,8654400
2019-09-18,43.2400016784668,43.2400016784668,43.40999984741211,42.38999938964844,43.209999084472656,7845100
2019-09-19,42.93000030517578,42.93000030517578,43.58000183105469,42.68000030517578,43.189998626708984,7372600
2019-09-20,43.22999954223633,43.22999954223633,43.84000015258789,42.939998626708984,43.15999984741211,19372900
2019-09-23,43.380001068115234,43.380001068115234,44.09000015258789,42.849998474121094,43.290000915527344,9992400
2019-09-24,41.41999816894531,41.41999816894531,43.75,41.060001373291016,43.709999084472656,16120700
2019-09-25,42.5,42.5,42.779998779296875,41.18000030517578,41.5099983215332,9731600
2019-09-26,42.439998626708984,42.439998626708984,42.4900016784668,41.720001220703125,42.380001068115234,5951400
2019-09-27,41.349998474121094,41.349998474121094,42.66999816894531,40.61000061035156,42.5,11933700
2019-09-30,41.20000076293945,41.20000076293945,41.47999954223633,40.81999969482422,41.459999084472656,7541400
2019-10-01,40.25,40.25,41.56999969482422,40.029998779296875,41.31999969482422,9278800
2019-10-02,39.70000076293945,39.70000076293945,40.119998931884766,39.25,40.119998931884766,9306300
2019-10-03,40.0,40.0,40.15999984741211,38.61000061035156,39.59000015258789,13421400
2019-10-04,40.36000061035156,40.36000061035156,40.59000015258789,39.83000183105469,40.36000061035156,6283700
2019-10-07,40.79999923706055,40.79999923706055,40.869998931884766,40.060001373291016,40.2400016784668,6563700
2019-10-08,39.70000076293945,39.70000076293945,40.47999954223633,39.66999816894531,40.40999984741211,7304300
2019-10-09,39.5,39.5,40.099998474121094,39.220001220703125,39.9900016784668,8021300
2019-10-10,39.540000915527344,39.540000915527344,39.88999938964844,39.2599983215332,39.34000015258789,6718000
2019-10-11,40.36000061035156,40.36000061035156,40.70000076293945,39.810001373291016,39.88999938964844,9198900
2019-10-14,39.779998779296875,39.779998779296875,40.470001220703125,39.470001220703125,40.31999969482422,6393600
2019-10-15,40.279998779296875,40.279998779296875,40.400001525878906,39.349998474121094,39.560001373291016,7676700
2019-10-16,39.90999984741211,39.90999984741211,40.459999084472656,39.599998474121094,40.0099983215332,8324900
2019-10-17,39.61000061035156,39.61000061035156,40.150001525878906,39.40999984741211,40.119998931884766,7147100
2019-10-18,38.9900016784668,38.9900016784668,39.90999984741211,38.27000045776367,39.689998626708984,12582900
2019-10-21,40.09000015258789,40.09000015258789,40.290000915527344,39.310001373291016,39.349998474121094,9351100
2019-10-22,38.810001373291016,38.810001373291016,40.47999954223633,38.779998779296875,40.47999954223633,12817700
2019-10-23,38.83000183105469,38.83000183105469,39.45000076293945,37.7599983215332,38.9900016784668,20276200
2019-10-24,30.75,30.75,32.38999938964844,30.510000228881836,31.860000610351562,105112500
2019-10-25,30.299999237060547,30.299999237060547,31.040000915527344,29.920000076293945,30.8700008392334,43837200
2019-10-28,30.059999465942383,30.059999465942383,30.65999984741211,29.75,30.5,29893900
2019-10-29,29.850000381469727,29.850000381469727,30.360000610351562,29.81999969482422,30.0,20674800
2019-10-30,29.860000610351562,29.860000610351562,30.170000076293945,29.719999313354492,30.149999618530273,25518700
2019-10-31,29.969999313354492,29.969999313354492,29.979999542236328,28.84000015258789,29.469999313354492,36865100
2019-11-01,29.6200008392334,29.6200008392334,30.260000228881836,29.40999984741211,29.959999084472656,22716700
2019-11-04,30.049999237060547,30.049999237060547,30.149999618530273,29.610000610351562,29.770000457763672,20340200
2019-11-05,29.809999465942383,29.809999465942383,30.360000610351562,29.709999084472656,30.190000534057617,16645900
2019-11-06,29.540000915527344,29.540000915527344,29.899999618530273,29.399999618530273,29.850000381469727,15313800
2019-11-07,29.049999237060547,29.049999237060547,29.59000015258789,28.6299991607666,29.0,22740600
2019-11-08,29.209999084472656,29.209999084472656,29.43000030517578,29.049999237060547,29.15999984741211,10619500
2019-11-11,29.34000015258789,29.34000015258789,29.350000381469727,28.920000076293945,29.1299991607666,9675000
2019-11-12,29.049999237060547,29.049999237060547,29.5,28.93000030517578,29.360000610351562,15144200
2019-11-13,29.079999923706055,29.079999923706055,29.299999237060547,28.93000030517578,29.040000915527344,9217700
2019-11-14,28.889999389648438,28.889999389648438,29.3700008392334,28.729999542236328,29.15999984741211,13684600
2019-11-15,29.25,29.25,29.43000030517578,28.90999984741211,29.049999237060547,12163300
2019-11-18,29.489999771118164,29.489999771118164,29.739999771118164,29.010000228881836,29.239999771118164,14493100
2019-11-19,29.440000534057617,29.440000534057617,29.670000076293945,29.18000030517578,29.6200008392334,9950900
2019-11-20,29.170000076293945,29.170000076293945,29.479999542236328,28.8799991607666,29.299999237060547,14280400
2019-11-21,29.790000915527344,29.790000915527344,30.489999771118164,29.149999618530273,29.200000762939453,24304400
2019-11-22,30.030000686645508,30.030000686645508,30.170000076293945,29.579999923706055,29.8700008392334,14188300
2019-11-25,30.540000915527344,30.540000915527344,30.56999969482422,30.049999237060547,30.1299991607666,14035700
2019-11-26,30.959999084472656,30.959999084472656,30.989999771118164,30.399999618530273,30.56999969482422,16323900
2019-11-27,31.170000076293945,31.170000076293945,31.360000610351562,30.93000030517578,31.0,14151900
2019-11-29,30.90999984741211,30.90999984741211,31.139999389648438,30.780000686645508,31.110000610351562,7814500
2019-12-02,30.420000076293945,30.420000076293945,30.950000762939453,29.969999313354492,30.90999984741211,14524700
2019-12-03,29.969999313354492,29.969999313354492,30.010000228881836,29.479999542236328,29.940000534057617,16399500
2019-12-04,30.0,30.0,30.329999923706055,29.90999984741211,30.18000030517578,9765000
2019-12-05,30.040000915527344,30.040000915527344,30.360000610351562,29.920000076293945,30.079999923706055,11060800
2019-12-06,30.190000534057617,30.190000534057617,30.469999313354492,29.979999542236328,30.350000381469727,10869700
2019-12-09,30.209999084472656,30.209999084472656,30.75,30.1200008392334,30.1200008392334,9955100
2019-12-10,29.84000015258789,29.84000015258789,30.260000228881836,29.770000457763672,30.229999542236328,12362400
2019-12-11,30.549999237060547,30.549999237060547,30.600000381469727,29.860000610351562,29.950000762939453,11006200
2019-12-12,30.299999237060547,30.299999237060547,30.59000015258789,29.93000030517578,30.469999313354492,18912600
2019-12-13,30.389999389648438,30.389999389648438,30.610000610351562,30.239999771118164,30.239999771118164,12836700
2019-12-16,30.969999313354492,30.969999313354492,31.280000686645508,30.40999984741211,30.520000457763672,15852100
2019-12-17,30.700000762939453,30.700000762939453,31.209999084472656,30.6299991607666,31.06999969482422,11906500
2019-12-18,31.68000030517578,31.68000030517578,31.90999984741211,30.6299991607666,30.690000534057617,19030900
2019-12-19,32.029998779296875,32.029998779296875,32.41999816894531,31.610000610351562,31.75,19880000
2019-12-20,32.130001068115234,32.130001068115234,32.25,31.540000915527344,32.119998931884766,21854600
2019-12-23,32.43000030517578,32.43000030517578,32.79999923706055,31.989999771118164,32.130001068115234,13983300
2019-12-24,32.5,32.5,32.709999084472656,32.41999816894531,32.439998626708984,4290500
2019-12-26,32.630001068115234,32.630001068115234,32.88999938964844,32.41999816894531,32.59000015258789,9797300
2019-12-27,32.54999923706055,32.54999923706055,32.84000015258789,32.220001220703125,32.75,10409400
2019-12-30,32.029998779296875,32.029998779296875,32.5,31.81999969482422,32.4900016784668,9391200
